question,model_configuration,very_wrong_rate
1,mc026,5.05050505050505
1,mc027,0.0
1,mc028,4.761904761904762
1,mc030,0.9345794392523363
1,mc031,10.576923076923077
1,mc032,0.0
1,mc033,0.0
1,mc034,0.9259259259259258
1,mc035,15.384615384615385
1,mc036,0.0
1,mc037,0.0
1,mc038,0.0
1,mc039,0.0
1,mc040,18.69158878504673
1,mc041,0.0
10,mc039,0.0
10,mc040,67.5925925925926
100,mc026,2.8846153846153846
100,mc027,0.0
100,mc028,1.8867924528301887
100,mc030,0.0
100,mc031,0.0
100,mc032,0.0
100,mc033,0.0
100,mc034,0.0
100,mc035,0.0
100,mc036,0.0
100,mc037,0.0
100,mc038,0.0
100,mc039,0.0
100,mc040,0.0
101,mc026,71.84466019417476
101,mc027,0.0
101,mc028,92.5233644859813
101,mc030,62.616822429906534
101,mc031,72.22222222222221
101,mc032,10.185185185185185
101,mc033,0.0
101,mc034,19.444444444444446
101,mc035,25.71428571428571
101,mc036,0.9615384615384616
101,mc037,0.0
101,mc038,11.11111111111111
101,mc039,0.9259259259259258
101,mc040,36.11111111111111
102,mc026,1.0
102,mc027,0.0
102,mc028,1.8691588785046727
102,mc030,0.0
102,mc031,0.0
102,mc032,0.0
102,mc033,0.0
102,mc034,0.0
102,mc035,0.0
102,mc036,0.0
102,mc037,0.0
102,mc038,0.0
102,mc039,0.0
102,mc040,0.0
103,mc026,1.0101010101010102
103,mc027,0.0
103,mc028,33.9622641509434
103,mc030,1.9047619047619049
103,mc031,0.0
103,mc032,0.0
103,mc033,0.9523809523809524
103,mc034,0.0
103,mc035,0.0
103,mc036,0.0
103,mc037,0.0
103,mc038,0.0
103,mc039,0.0
103,mc040,0.0
104,mc026,0.0
104,mc027,0.0
104,mc028,0.9615384615384616
104,mc030,0.0
104,mc031,0.0
104,mc032,0.0
104,mc033,0.0
104,mc034,0.0
104,mc035,0.0
104,mc036,0.0
104,mc037,0.0
104,mc038,0.0
104,mc039,0.0
104,mc040,0.0
105,mc026,0.0
105,mc027,0.0
105,mc028,0.0
105,mc030,0.0
105,mc031,0.0
105,mc032,0.0
105,mc033,0.0
105,mc034,0.0
105,mc035,0.0
105,mc036,0.0
105,mc037,0.0
105,mc038,0.0
105,mc039,0.0
105,mc040,0.0
106,mc026,11.235955056179774
106,mc027,0.9345794392523363
106,mc028,83.01886792452831
106,mc030,77.55102040816327
106,mc031,42.857142857142854
106,mc032,0.9259259259259258
106,mc033,43.269230769230774
106,mc034,1.8518518518518516
106,mc035,12.871287128712872
106,mc036,0.0
106,mc037,0.0
106,mc038,25.471698113207548
106,mc039,2.7777777777777777
106,mc040,86.91588785046729
107,mc026,0.0
107,mc027,0.0
107,mc028,0.0
107,mc030,0.0
107,mc031,0.0
107,mc032,0.0
107,mc033,0.0
107,mc034,0.0
107,mc035,0.0
107,mc036,0.0
107,mc037,0.0
107,mc038,0.0
107,mc039,0.0
107,mc040,0.0
108,mc026,9.900990099009901
108,mc027,0.0
108,mc028,3.8095238095238098
108,mc030,0.0
108,mc031,0.9259259259259258
108,mc032,0.0
108,mc033,0.0
108,mc034,0.0
108,mc035,0.0
108,mc036,0.0
108,mc037,0.0
108,mc038,0.0
108,mc039,0.0
108,mc040,0.0
109,mc026,9.836065573770492
109,mc027,19.81132075471698
109,mc028,1.9801980198019802
109,mc030,68.04123711340206
109,mc031,2.3529411764705883
109,mc032,57.943925233644855
109,mc033,38.775510204081634
109,mc034,3.9603960396039604
109,mc035,1.4705882352941175
109,mc036,50.92592592592593
109,mc037,51.4018691588785
109,mc038,44.230769230769226
109,mc039,20.37037037037037
109,mc040,4.672897196261682
11,mc026,1.0
11,mc027,0.0
11,mc028,0.9523809523809524
11,mc030,0.0
11,mc031,0.0
11,mc032,0.0
11,mc033,0.0
11,mc034,4.672897196261682
11,mc035,0.0
11,mc036,0.0
11,mc037,0.0
11,mc038,0.0
11,mc039,0.0
11,mc040,0.0
11,mc041,0.0
110,mc026,21.21212121212121
110,mc027,0.0
110,mc028,4.716981132075472
110,mc030,0.0
110,mc031,11.0
110,mc032,0.0
110,mc033,0.0
110,mc034,0.0
110,mc035,0.0
110,mc036,0.0
110,mc037,0.0
110,mc038,0.0
110,mc039,0.0
110,mc040,6.481481481481481
111,mc026,1.0526315789473684
111,mc027,0.0
111,mc028,0.0
111,mc030,1.8518518518518516
111,mc031,0.0
111,mc032,0.0
111,mc033,0.9345794392523363
111,mc034,0.0
111,mc035,0.0
111,mc036,0.0
111,mc037,0.0
111,mc038,0.0
111,mc039,0.0
111,mc040,0.0
112,mc026,1.0309278350515463
112,mc027,0.0
112,mc028,25.471698113207548
112,mc030,2.803738317757009
112,mc031,0.0
112,mc032,0.9345794392523363
112,mc033,0.0
112,mc034,0.0
112,mc035,0.9433962264150944
112,mc036,0.9345794392523363
112,mc037,0.0
112,mc038,0.0
112,mc039,0.0
112,mc040,0.9259259259259258
113,mc026,0.9433962264150944
113,mc027,0.0
113,mc028,0.9433962264150944
113,mc030,0.0
113,mc031,0.0
113,mc032,0.0
113,mc033,0.0
113,mc034,0.0
113,mc035,0.0
113,mc036,0.0
113,mc037,0.0
113,mc038,0.0
113,mc039,0.0
113,mc040,0.0
118,mc032,0.0
118,mc033,0.0
118,mc034,0.0
118,mc035,0.0
118,mc036,0.0
118,mc037,0.0
118,mc038,0.0
118,mc039,0.0
118,mc040,0.0
119,mc026,5.1020408163265305
119,mc027,0.0
119,mc028,0.0
119,mc030,2.7777777777777777
119,mc031,70.1923076923077
119,mc032,10.185185185185185
119,mc033,35.714285714285715
119,mc034,22.22222222222222
119,mc035,40.4040404040404
119,mc036,0.0
119,mc037,0.9523809523809524
119,mc038,14.018691588785046
119,mc039,2.7777777777777777
119,mc040,71.02803738317756
12,mc026,24.242424242424242
12,mc027,0.0
12,mc028,5.825242718446602
12,mc030,2.803738317757009
12,mc031,2.8846153846153846
12,mc032,0.0
12,mc033,0.0
12,mc034,21.904761904761905
12,mc035,0.0
12,mc036,0.0
12,mc037,0.0
12,mc038,5.555555555555555
12,mc039,0.0
12,mc040,0.0
120,mc026,0.0
120,mc027,0.0
120,mc028,0.0
120,mc030,0.0
120,mc031,0.0
120,mc032,0.0
120,mc033,0.0
120,mc034,0.0
120,mc035,0.0
120,mc036,0.0
120,mc037,0.0
120,mc038,0.0
120,mc039,0.0
120,mc040,0.0
13,mc026,2.857142857142857
13,mc027,0.0
13,mc028,1.9047619047619049
13,mc030,0.0
13,mc031,0.0
13,mc032,0.0
13,mc033,0.0
13,mc034,0.0
13,mc035,0.0
13,mc036,0.0
13,mc037,0.0
13,mc038,0.0
13,mc039,0.0
13,mc040,0.0
1391,mc039,0.0
1391,mc040,0.0
14,mc039,0.0
14,mc040,0.0
1497,mc026,1.9047619047619049
1497,mc027,0.0
1497,mc028,5.607476635514018
1497,mc030,0.0
1497,mc031,0.0
1497,mc032,0.0
1497,mc033,0.0
1497,mc034,0.0
1497,mc035,0.0
1497,mc036,0.0
1497,mc037,0.0
1497,mc038,0.0
1497,mc039,0.0
1497,mc040,0.0
1498,mc026,0.0
1498,mc031,0.0
1498,mc039,0.0
1498,mc040,0.0
1499,mc026,0.0
1499,mc027,0.0
1499,mc028,0.0
1499,mc030,0.0
1499,mc031,0.0
1499,mc032,0.0
1499,mc033,0.0
1499,mc034,0.0
1499,mc035,0.0
1499,mc036,0.0
1499,mc037,0.0
1499,mc038,0.0
1499,mc039,0.0
1499,mc040,0.0
15,mc040,0.0
1500,mc026,0.0
1500,mc027,0.0
1500,mc028,0.0
1500,mc030,0.0
1500,mc031,0.0
1500,mc032,0.0
1500,mc033,0.0
1500,mc034,0.0
1500,mc035,0.0
1500,mc036,0.0
1500,mc037,0.0
1500,mc038,0.0
1500,mc039,0.0
1500,mc040,0.0
1501_text,mc026,0.0
1501_text,mc027,0.0
1501_text,mc028,0.0
1501_text,mc030,0.0
1501_text,mc031,0.0
1501_text,mc032,0.0
1501_text,mc033,0.0
1501_text,mc034,0.0
1501_text,mc035,0.0
1501_text,mc036,0.0
1501_text,mc037,0.0
1501_text,mc038,0.0
1501_text,mc039,0.0
1502,mc026,1.0204081632653061
1502,mc027,2.7777777777777777
1502,mc028,2.912621359223301
1502,mc030,0.9433962264150944
1502,mc031,0.0
1502,mc032,0.0
1502,mc033,0.0
1502,mc034,0.0
1502,mc035,6.0
1502,mc036,0.0
1502,mc037,1.0309278350515463
1502,mc038,0.0
1502,mc039,0.0
1502,mc040,0.0
1504,mc026,1.9417475728155338
1504,mc027,0.0
1504,mc028,2.8301886792452833
1504,mc030,0.0
1504,mc031,0.0
1504,mc032,0.0
1504,mc033,0.0
1504,mc034,1.8518518518518516
1504,mc035,1.0
1504,mc036,0.0
1504,mc037,0.0
1504,mc038,0.0
1504,mc039,0.0
1504,mc040,0.9259259259259258
1505,mc026,3.8095238095238098
1505,mc027,0.0
1505,mc028,41.904761904761905
1505,mc030,2.7777777777777777
1505,mc031,20.5607476635514
1505,mc032,0.0
1505,mc033,0.0
1505,mc034,0.9259259259259258
1505,mc035,11.11111111111111
1505,mc036,0.0
1505,mc037,0.0
1505,mc038,38.88888888888889
1505,mc039,0.0
1505,mc040,1.8518518518518516
1506,mc026,6.122448979591836
1506,mc027,0.0
1506,mc028,5.714285714285714
1506,mc030,0.0
1506,mc031,1.0638297872340425
1506,mc032,0.0
1506,mc033,0.0
1506,mc034,0.0
1506,mc035,0.0
1506,mc036,0.0
1506,mc037,0.0
1506,mc038,0.0
1506,mc039,0.0
1506,mc040,0.0
1507_text,mc026,51.76470588235295
1507_text,mc027,4.9504950495049505
1507_text,mc028,98.13084112149532
1507_text,mc030,52.0
1507_text,mc031,90.47619047619048
1507_text,mc032,87.03703703703704
1507_text,mc033,37.62376237623762
1507_text,mc034,15.887850467289718
1507_text,mc035,78.4090909090909
1507_text,mc036,74.07407407407408
1507_text,mc037,0.9433962264150944
1507_text,mc038,84.61538461538461
1507_text,mc039,85.57692307692307
1508,mc036,0.0
1508,mc037,0.0
1508,mc038,0.0
1508,mc039,0.0
1508,mc040,0.0
1508,mc041,0.0
1509,mc026,0.0
1509,mc027,0.0
1509,mc028,1.0204081632653061
1509,mc030,0.0
1509,mc031,0.0
1509,mc032,0.0
1509,mc033,0.0
1509,mc034,0.0
1509,mc035,0.0
1509,mc036,0.0
1509,mc037,0.0
1509,mc038,0.0
1509,mc039,0.0
1509,mc040,0.9259259259259258
1510,mc026,0.0
1510,mc027,0.0
1510,mc028,0.0
1510,mc030,0.0
1510,mc031,0.0
1510,mc032,0.0
1510,mc033,0.0
1510,mc034,0.0
1510,mc035,0.0
1510,mc036,0.0
1510,mc037,0.0
1510,mc038,0.0
1510,mc039,0.0
1510,mc040,0.0
1511,mc026,40.4040404040404
1511,mc027,0.0
1511,mc028,58.87850467289719
1511,mc030,0.0
1511,mc031,9.433962264150944
1511,mc032,0.0
1511,mc033,0.0
1511,mc034,0.0
1511,mc035,0.0
1511,mc036,0.0
1511,mc037,0.0
1511,mc038,0.0
1511,mc039,0.0
1511,mc040,0.0
1512,mc026,0.9708737864077669
1512,mc027,0.0
1512,mc028,90.47619047619048
1512,mc030,0.0
1512,mc031,2.803738317757009
1512,mc032,0.0
1512,mc033,0.0
1512,mc034,0.9259259259259258
1512,mc035,1.8867924528301887
1512,mc036,0.0
1512,mc037,0.0
1512,mc038,0.0
1512,mc039,0.0
1512,mc040,0.9345794392523363
1513,mc026,6.172839506172839
1513,mc027,0.9345794392523363
1513,mc028,0.0
1513,mc030,0.9615384615384616
1513,mc031,0.0
1513,mc032,0.0
1513,mc033,0.0
1513,mc034,0.0
1513,mc035,0.0
1513,mc036,0.0
1513,mc037,0.0
1513,mc038,0.0
1513,mc039,0.0
1513,mc040,1.8518518518518516
1514,mc040,0.0
1515,mc040,0.0
1516,mc040,0.0
1517,mc026,11.235955056179774
1517,mc027,3.7037037037037033
1517,mc028,66.0377358490566
1517,mc030,9.433962264150944
1517,mc031,2.803738317757009
1517,mc032,0.0
1517,mc033,1.9801980198019802
1517,mc034,30.555555555555557
1517,mc035,1.8691588785046727
1517,mc036,0.0
1517,mc037,57.009345794392516
1517,mc038,72.22222222222221
1517,mc039,51.85185185185185
1517,mc040,52.77777777777778
1518,mc040,0.0
1519,mc040,0.0
1520,mc026,5.319148936170213
1520,mc027,0.9433962264150944
1520,mc028,1.9047619047619049
1520,mc030,0.9345794392523363
1520,mc031,1.9047619047619049
1520,mc032,0.0
1520,mc033,30.612244897959183
1520,mc034,0.0
1520,mc035,37.62376237623762
1520,mc036,0.0
1520,mc037,0.0
1520,mc038,0.0
1520,mc039,0.9345794392523363
1520,mc040,0.9345794392523363
1521,mc026,0.0
1521,mc027,0.0
1521,mc028,0.0
1521,mc030,0.0
1521,mc031,0.0
1521,mc032,0.0
1521,mc033,0.0
1521,mc034,0.0
1521,mc035,0.0
1521,mc036,0.0
1521,mc037,0.0
1521,mc038,0.0
1521,mc039,0.0
1521,mc040,0.0
1522,mc026,0.0
1522,mc027,0.0
1522,mc028,4.761904761904762
1522,mc030,0.0
1522,mc031,0.0
1522,mc032,0.0
1522,mc033,0.0
1522,mc034,0.0
1522,mc035,0.0
1522,mc036,0.0
1522,mc037,0.0
1522,mc038,0.0
1522,mc039,0.0
1522,mc040,0.0
1523,mc026,23.404255319148938
1523,mc027,0.0
1523,mc028,33.65384615384615
1523,mc030,1.8867924528301887
1523,mc031,0.0
1523,mc032,0.0
1523,mc033,0.9523809523809524
1523,mc034,0.0
1523,mc035,0.0
1523,mc036,0.0
1523,mc037,0.0
1523,mc038,0.0
1523,mc039,0.0
1523,mc040,0.0
1524,mc026,0.0
1524,mc027,0.0
1524,mc028,0.9433962264150944
1524,mc030,0.0
1524,mc031,0.0
1524,mc032,0.0
1524,mc033,0.0
1524,mc034,0.0
1524,mc035,0.0
1524,mc036,0.0
1524,mc037,0.0
1524,mc038,0.0
1524,mc039,0.0
1524,mc040,0.0
1525,mc026,13.750000000000002
1525,mc027,0.0
1525,mc028,7.608695652173914
1525,mc030,1.9607843137254901
1525,mc031,47.5
1525,mc032,0.0
1525,mc033,0.9345794392523363
1525,mc034,3.0303030303030303
1525,mc035,15.555555555555555
1525,mc036,0.0
1525,mc037,0.0
1525,mc038,0.9433962264150944
1525,mc039,0.0
1525,mc040,0.9259259259259258
1527,mc040,33.33333333333333
1528,mc026,2.912621359223301
1528,mc027,0.0
1528,mc028,49.532710280373834
1528,mc030,58.0952380952381
1528,mc031,2.857142857142857
1528,mc032,9.25925925925926
1528,mc033,22.429906542056074
1528,mc034,0.0
1528,mc035,0.0
1528,mc036,1.8518518518518516
1528,mc037,36.44859813084112
1528,mc038,0.9259259259259258
1528,mc039,0.0
1528,mc040,6.481481481481481
1529,mc026,0.0
1529,mc027,0.0
1529,mc028,0.0
1529,mc030,0.0
1529,mc031,0.0
1529,mc032,5.825242718446602
1529,mc033,20.5607476635514
1529,mc034,0.0
1529,mc035,0.0
1529,mc036,1.0204081632653061
1529,mc037,0.0
1529,mc038,0.0
1529,mc039,0.0
1529,mc040,0.0
1530,mc026,0.9615384615384616
1530,mc027,0.0
1530,mc028,13.084112149532709
1530,mc030,0.0
1530,mc031,0.0
1530,mc032,0.0
1530,mc033,0.9259259259259258
1530,mc034,0.0
1530,mc035,0.0
1530,mc036,0.0
1530,mc037,0.0
1530,mc038,0.0
1530,mc039,0.0
1530,mc040,0.9259259259259258
1539,mc040,0.0
1540,mc040,0.0
1541,mc040,0.9345794392523363
1542,mc040,12.037037037037036
1543,mc040,58.87850467289719
1544,mc040,12.037037037037036
1545,mc040,0.9259259259259258
1546,mc036,0.9259259259259258
1546,mc037,0.0
1546,mc038,0.0
1546,mc039,2.7777777777777777
1546,mc040,0.0
1546,mc041,85.04672897196261
1547,mc026,11.702127659574469
1547,mc027,59.25925925925925
1547,mc028,9.615384615384617
1547,mc030,75.24752475247524
1547,mc031,4.123711340206185
1547,mc032,64.81481481481481
1547,mc033,32.038834951456316
1547,mc034,11.11111111111111
1547,mc035,8.791208791208792
1547,mc036,49.056603773584904
1547,mc037,8.653846153846153
1547,mc038,83.9622641509434
1547,mc039,79.62962962962963
1547,mc040,85.04672897196261
1548,mc026,4.901960784313726
1548,mc027,0.0
1548,mc028,31.428571428571427
1548,mc030,9.615384615384617
1548,mc031,1.9417475728155338
1548,mc032,1.8691588785046727
1548,mc033,2.8301886792452833
1548,mc034,0.0
1548,mc035,6.315789473684211
1548,mc036,0.0
1548,mc037,0.0
1548,mc038,0.9523809523809524
1548,mc039,0.0
1548,mc040,2.7777777777777777
1549,mc040,28.703703703703702
1550,mc039,0.0
1550,mc040,0.9259259259259258
1551,mc040,44.339622641509436
1552,mc040,28.971962616822427
1553,mc026,29.88505747126437
1553,mc027,54.20560747663551
1553,mc028,7.142857142857142
1553,mc030,48.598130841121495
1553,mc031,67.70833333333334
1553,mc032,86.11111111111111
1553,mc033,70.47619047619048
1553,mc034,70.37037037037037
1553,mc035,66.0
1553,mc036,63.888888888888886
1553,mc037,97.19626168224299
1553,mc038,32.407407407407405
1553,mc039,0.0
1553,mc040,1.8518518518518516
1554,mc040,0.0
1555,mc040,0.9345794392523363
1556,mc026,0.0
1556,mc027,0.0
1556,mc028,7.476635514018691
1556,mc030,3.7037037037037033
1556,mc031,0.9259259259259258
1556,mc032,0.0
1556,mc033,0.0
1556,mc034,0.0
1556,mc035,0.9345794392523363
1556,mc036,0.0
1556,mc037,0.0
1556,mc038,0.0
1556,mc039,0.0
1556,mc040,19.444444444444446
1557,mc040,0.0
1559,mc040,0.0
1560,mc026,2.803738317757009
1560,mc027,0.0
1560,mc028,2.803738317757009
1560,mc030,2.803738317757009
1560,mc031,0.0
1560,mc032,0.0
1560,mc033,1.8518518518518516
1560,mc034,0.0
1560,mc035,26.168224299065418
1560,mc036,0.0
1560,mc037,0.0
1560,mc038,0.0
1560,mc039,0.0
1560,mc040,0.0
1561,mc026,0.0
1561,mc027,0.0
1561,mc028,0.9615384615384616
1561,mc030,0.0
1561,mc031,0.0
1561,mc032,0.0
1561,mc033,0.0
1561,mc034,0.0
1561,mc035,0.0
1561,mc036,0.0
1561,mc037,0.0
1561,mc038,0.0
1561,mc039,0.0
1561,mc040,0.0
1562,mc026,17.17171717171717
1562,mc027,0.0
1562,mc028,1.9047619047619049
1562,mc030,5.660377358490567
1562,mc031,11.428571428571429
1562,mc032,1.8518518518518516
1562,mc033,0.0
1562,mc034,80.37383177570094
1562,mc035,2.8301886792452833
1562,mc036,0.9345794392523363
1562,mc037,0.0
1562,mc038,3.7037037037037033
1562,mc039,0.9259259259259258
1562,mc040,3.7037037037037033
1563,mc039,0.0
1563,mc040,0.0
1564,mc040,0.9345794392523363
1565,mc040,0.0
1566,mc040,0.0
1567,mc026,0.0
1567,mc027,0.0
1567,mc028,0.0
1567,mc030,0.0
1567,mc031,0.0
1567,mc032,0.0
1567,mc033,0.0
1567,mc034,0.0
1567,mc035,0.0
1567,mc036,0.0
1567,mc037,0.0
1567,mc038,0.0
1567,mc039,0.0
1567,mc040,0.9259259259259258
1568,mc026,3.9215686274509802
1568,mc027,0.0
1568,mc028,1.8867924528301887
1568,mc030,0.0
1568,mc031,0.0
1568,mc032,0.0
1568,mc033,0.0
1568,mc034,0.0
1568,mc035,0.0
1568,mc036,0.0
1568,mc037,0.0
1568,mc038,0.0
1568,mc039,0.0
1568,mc040,0.0
1569,mc040,0.0
1570,mc026,2.0202020202020203
1570,mc027,0.0
1570,mc028,23.300970873786408
1570,mc030,3.7383177570093453
1570,mc031,3.7383177570093453
1570,mc032,0.0
1570,mc033,2.8301886792452833
1570,mc034,0.9259259259259258
1570,mc035,0.9900990099009901
1570,mc036,0.0
1570,mc037,0.0
1570,mc038,23.14814814814815
1570,mc039,4.62962962962963
1570,mc040,13.084112149532709
1571,mc039,0.0
1571,mc040,30.8411214953271
1572,mc040,0.0
1573,mc026,15.853658536585366
1573,mc027,0.0
1573,mc028,61.6822429906542
1573,mc030,14.953271028037381
1573,mc031,2.8301886792452833
1573,mc032,0.9259259259259258
1573,mc033,53.70370370370371
1573,mc034,5.555555555555555
1573,mc035,28.000000000000004
1573,mc036,0.0
1573,mc037,0.9345794392523363
1573,mc038,1.8691588785046727
1573,mc039,0.0
1573,mc040,83.33333333333334
1574,mc026,68.88888888888889
1574,mc027,0.0
1574,mc028,46.15384615384615
1574,mc030,36.19047619047619
1574,mc031,78.64077669902912
1574,mc032,45.370370370370374
1574,mc033,1.8867924528301887
1574,mc034,73.33333333333333
1574,mc035,65.74074074074075
1574,mc036,17.75700934579439
1574,mc037,0.0
1574,mc038,86.91588785046729
1574,mc039,22.429906542056074
1574,mc040,23.14814814814815
1575,mc026,63.0
1575,mc027,0.9259259259259258
1575,mc028,6.60377358490566
1575,mc030,4.672897196261682
1575,mc031,46.666666666666664
1575,mc032,0.0
1575,mc033,1.8691588785046727
1575,mc034,22.22222222222222
1575,mc035,7.6923076923076925
1575,mc036,0.9259259259259258
1575,mc037,0.0
1575,mc038,3.7037037037037033
1575,mc039,0.0
1575,mc040,14.814814814814813
1576,mc026,5.9405940594059405
1576,mc027,0.0
1576,mc028,32.38095238095238
1576,mc030,16.9811320754717
1576,mc031,7.8431372549019605
1576,mc032,1.8518518518518516
1576,mc033,16.9811320754717
1576,mc034,0.0
1576,mc035,3.0927835051546393
1576,mc036,0.0
1576,mc037,0.0
1576,mc038,5.607476635514018
1576,mc039,0.0
1576,mc040,43.925233644859816
1577,mc026,4.716981132075472
1577,mc027,0.0
1577,mc028,16.9811320754717
1577,mc030,27.77777777777778
1577,mc031,0.9345794392523363
1577,mc032,0.0
1577,mc033,1.8691588785046727
1577,mc034,0.0
1577,mc035,0.0
1577,mc036,0.0
1577,mc037,0.0
1577,mc038,0.0
1577,mc039,0.0
1577,mc040,4.62962962962963
1578,mc026,2.941176470588235
1578,mc027,0.0
1578,mc028,3.7735849056603774
1578,mc030,0.0
1578,mc031,5.660377358490567
1578,mc032,0.0
1578,mc033,0.0
1578,mc034,0.0
1578,mc035,0.0
1578,mc036,0.0
1578,mc037,0.0
1578,mc038,0.0
1578,mc039,0.0
1578,mc040,0.0
1579,mc026,50.0
1579,mc027,0.9523809523809524
1579,mc028,4.901960784313726
1579,mc030,25.71428571428571
1579,mc031,1.0869565217391304
1579,mc032,2.7777777777777777
1579,mc033,0.9708737864077669
1579,mc034,94.44444444444444
1579,mc035,6.0
1579,mc036,1.8691588785046727
1579,mc037,0.0
1579,mc038,42.45283018867924
1579,mc039,1.8518518518518516
1579,mc040,14.953271028037381
1580,mc026,1.0101010101010102
1580,mc027,0.0
1580,mc028,0.9708737864077669
1580,mc030,0.0
1580,mc031,0.0
1580,mc032,0.0
1580,mc033,0.0
1580,mc034,0.0
1580,mc035,0.0
1580,mc036,0.0
1580,mc037,0.0
1580,mc038,0.0
1580,mc039,0.0
1580,mc040,0.9259259259259258
1581,mc026,44.66019417475729
1581,mc027,0.0
1581,mc028,15.384615384615385
1581,mc030,9.433962264150944
1581,mc031,0.9708737864077669
1581,mc032,0.9259259259259258
1581,mc033,0.0
1581,mc034,24.074074074074073
1581,mc035,2.1052631578947367
1581,mc036,0.0
1581,mc037,0.0
1581,mc038,1.8691588785046727
1581,mc039,0.0
1581,mc040,11.11111111111111
1582,mc026,0.0
1582,mc027,0.0
1582,mc028,0.9345794392523363
1582,mc030,0.0
1582,mc031,0.0
1582,mc032,0.0
1582,mc033,0.0
1582,mc034,4.761904761904762
1582,mc035,0.0
1582,mc036,0.0
1582,mc037,0.0
1582,mc038,0.0
1582,mc039,0.0
1582,mc040,0.0
1583,mc026,3.9215686274509802
1583,mc027,0.0
1583,mc028,27.358490566037734
1583,mc030,50.467289719626166
1583,mc031,0.0
1583,mc032,0.0
1583,mc033,0.0
1583,mc034,8.333333333333332
1583,mc035,0.0
1583,mc036,0.0
1583,mc037,0.0
1583,mc038,9.433962264150944
1583,mc039,0.0
1583,mc040,1.8518518518518516
1584,mc040,0.0
1585,mc026,3.0
1585,mc027,0.0
1585,mc028,0.0
1585,mc030,4.62962962962963
1585,mc031,1.8691588785046727
1585,mc032,2.803738317757009
1585,mc033,0.0
1585,mc034,0.9259259259259258
1585,mc035,0.0
1585,mc036,0.0
1585,mc037,0.0
1585,mc038,1.8691588785046727
1585,mc039,0.0
1585,mc040,0.9259259259259258
1586,mc026,2.941176470588235
1586,mc027,0.0
1586,mc028,8.49056603773585
1586,mc030,0.9345794392523363
1586,mc031,0.0
1586,mc032,0.0
1586,mc033,0.0
1586,mc034,0.0
1586,mc035,0.0
1586,mc036,0.0
1586,mc037,0.0
1586,mc038,0.0
1586,mc039,0.0
1586,mc040,2.803738317757009
1587,mc026,18.181818181818183
1587,mc027,0.0
1587,mc028,1.9230769230769231
1587,mc030,4.716981132075472
1587,mc031,13.592233009708737
1587,mc032,2.7777777777777777
1587,mc033,0.0
1587,mc034,37.96296296296296
1587,mc035,9.0
1587,mc036,0.0
1587,mc037,0.0
1587,mc038,42.857142857142854
1587,mc039,0.0
1587,mc040,3.7037037037037033
1588,mc040,0.9345794392523363
1589,mc026,62.22222222222222
1589,mc027,8.571428571428571
1589,mc028,65.0
1589,mc030,67.07317073170732
1589,mc031,79.41176470588235
1589,mc039,67.5925925925926
1589,mc040,47.22222222222222
1590,mc026,0.0
1590,mc027,0.0
1590,mc028,0.0
1590,mc030,0.0
1590,mc031,0.0
1590,mc032,0.0
1590,mc033,0.0
1590,mc034,0.0
1590,mc035,0.0
1590,mc036,0.0
1590,mc037,0.0
1590,mc038,0.0
1590,mc039,0.0
1590,mc040,0.0
1591_text,mc026,13.131313131313133
1591_text,mc027,0.0
1591_text,mc028,16.037735849056602
1591_text,mc030,4.807692307692308
1591_text,mc031,11.11111111111111
1591_text,mc032,0.0
1591_text,mc033,0.0
1591_text,mc034,1.8518518518518516
1591_text,mc035,1.8867924528301887
1591_text,mc036,0.0
1591_text,mc037,0.9523809523809524
1591_text,mc038,0.0
1591_text,mc039,0.9259259259259258
1592,mc026,1.0101010101010102
1592,mc027,0.0
1592,mc028,0.0
1592,mc030,0.0
1592,mc031,0.0
1592,mc032,0.0
1592,mc033,0.0
1592,mc034,0.0
1592,mc035,0.0
1592,mc036,0.0
1592,mc037,0.0
1592,mc038,0.0
1592,mc039,0.0
1592,mc040,0.0
1593,mc026,31.57894736842105
1593,mc027,0.9259259259259258
1593,mc028,15.686274509803921
1593,mc030,6.5420560747663545
1593,mc031,29.126213592233007
1593,mc032,0.0
1593,mc033,0.0
1593,mc034,0.0
1593,mc035,0.0
1593,mc036,0.0
1593,mc037,0.0
1593,mc038,0.0
1593,mc039,0.0
1593,mc040,3.7037037037037033
1593,mc041,0.0
1594,mc026,2.1052631578947367
1594,mc027,0.0
1594,mc028,0.9708737864077669
1594,mc030,0.9523809523809524
1594,mc031,0.0
1594,mc032,0.0
1594,mc033,0.0
1594,mc034,0.0
1594,mc035,0.0
1594,mc036,0.0
1594,mc037,0.9433962264150944
1594,mc038,0.0
1594,mc039,0.0
1594,mc040,0.0
1596,mc026,0.0
1596,mc027,0.0
1596,mc028,0.9523809523809524
1596,mc030,0.9433962264150944
1596,mc031,0.0
1596,mc032,0.0
1596,mc033,0.0
1596,mc034,0.0
1596,mc035,0.0
1596,mc036,0.0
1596,mc037,0.0
1596,mc038,0.0
1596,mc039,0.0
1596,mc040,0.0
1597,mc026,39.42307692307692
1597,mc027,0.0
1597,mc028,19.047619047619047
1597,mc030,6.481481481481481
1597,mc031,57.943925233644855
1597,mc032,0.0
1597,mc033,2.8301886792452833
1597,mc034,2.083333333333333
1597,mc035,13.88888888888889
1597,mc036,0.0
1597,mc037,0.0
1597,mc038,4.62962962962963
1597,mc039,0.0
1597,mc040,0.0
1598,mc026,0.0
1598,mc027,0.9259259259259258
1598,mc028,1.9047619047619049
1598,mc030,3.7735849056603774
1598,mc031,0.0
1598,mc032,0.9259259259259258
1598,mc033,0.0
1598,mc034,0.9259259259259258
1598,mc035,0.0
1598,mc036,0.0
1598,mc037,0.0
1598,mc038,5.607476635514018
1598,mc039,0.0
1598,mc040,0.9259259259259258
1599,mc026,0.0
1599,mc027,0.0
1599,mc028,1.8867924528301887
1599,mc030,0.9523809523809524
1599,mc031,0.0
1599,mc032,0.0
1599,mc033,0.0
1599,mc034,0.0
1599,mc035,1.9047619047619049
1599,mc036,0.0
1599,mc037,0.0
1599,mc038,0.0
1599,mc039,0.0
1599,mc040,0.0
16,mc026,0.9523809523809524
16,mc027,0.0
16,mc028,0.0
16,mc030,0.0
16,mc031,0.0
16,mc032,0.0
16,mc033,0.0
16,mc034,0.9345794392523363
16,mc035,0.0
16,mc036,0.0
16,mc037,0.0
16,mc038,0.0
16,mc039,0.0
16,mc040,0.0
1600,mc026,52.80898876404494
1600,mc027,4.716981132075472
1600,mc028,6.666666666666667
1600,mc030,0.9523809523809524
1600,mc031,11.458333333333332
1600,mc032,1.8518518518518516
1600,mc033,1.9047619047619049
1600,mc034,14.814814814814813
1600,mc035,1.9230769230769231
1600,mc036,0.0
1600,mc037,0.9345794392523363
1600,mc038,34.61538461538461
1600,mc039,0.0
1600,mc040,15.74074074074074
1601,mc036,0.0
1601,mc037,0.0
1601,mc038,0.9345794392523363
1601,mc039,0.0
1601,mc040,0.0
1601,mc041,0.0
1602,mc040,0.9345794392523363
1603,mc026,4.672897196261682
1603,mc027,10.185185185185185
1603,mc028,35.51401869158878
1603,mc030,69.44444444444444
1603,mc031,0.9259259259259258
1603,mc032,75.92592592592592
1603,mc033,86.27450980392157
1603,mc034,71.29629629629629
1603,mc035,71.02803738317756
1603,mc036,76.85185185185185
1603,mc037,99.06542056074767
1603,mc038,89.81481481481481
1603,mc039,91.66666666666666
1603,mc040,82.2429906542056
1604,mc026,6.666666666666667
1604,mc027,0.0
1604,mc028,3.8834951456310676
1604,mc030,1.0101010101010102
1604,mc031,0.0
1604,mc032,0.9259259259259258
1604,mc033,0.0
1604,mc034,0.9259259259259258
1604,mc035,0.0
1604,mc036,0.0
1604,mc037,0.0
1604,mc038,6.666666666666667
1604,mc039,0.0
1604,mc040,0.0
1605,mc026,3.225806451612903
1605,mc027,0.0
1605,mc028,7.547169811320755
1605,mc030,15.887850467289718
1605,mc031,0.0
1605,mc032,0.0
1605,mc033,0.0
1605,mc034,0.0
1605,mc035,0.9615384615384616
1605,mc036,0.0
1605,mc037,0.0
1605,mc038,0.0
1605,mc039,0.0
1605,mc040,0.0
1606,mc040,1.8518518518518516
1607,mc040,0.0
1609,mc040,0.0
1610,mc026,0.0
1610,mc027,0.0
1610,mc028,0.0
1610,mc030,0.0
1610,mc031,0.0
1610,mc032,0.0
1610,mc033,0.0
1610,mc034,0.0
1610,mc035,0.0
1610,mc036,0.0
1610,mc037,0.0
1610,mc038,0.0
1610,mc039,0.0
1610,mc040,0.0
1611,mc026,0.0
1611,mc027,0.0
1611,mc028,0.0
1611,mc030,0.0
1611,mc031,0.0
1611,mc032,0.0
1611,mc033,0.0
1611,mc034,0.0
1611,mc035,0.0
1611,mc036,0.0
1611,mc037,0.0
1611,mc038,0.0
1611,mc039,0.0
1611,mc040,0.0
1612,mc026,34.69387755102041
1612,mc027,0.0
1612,mc028,62.5
1612,mc030,25.49019607843137
1612,mc031,45.54455445544555
1612,mc032,2.7777777777777777
1612,mc033,18.446601941747574
1612,mc034,0.9259259259259258
1612,mc035,24.752475247524753
1612,mc036,0.9345794392523363
1612,mc037,0.0
1612,mc038,0.0
1612,mc039,0.0
1612,mc040,51.85185185185185
1613,mc040,15.74074074074074
1614,mc040,6.5420560747663545
1615,mc040,0.0
1616,mc026,5.05050505050505
1616,mc027,0.0
1616,mc028,3.8461538461538463
1616,mc030,0.0
1616,mc031,1.8691588785046727
1616,mc032,0.9259259259259258
1616,mc033,0.0
1616,mc034,1.8518518518518516
1616,mc035,0.9523809523809524
1616,mc036,0.9345794392523363
1616,mc037,0.0
1616,mc038,0.0
1616,mc039,0.0
1616,mc040,0.0
1618,mc026,0.0
1618,mc027,2.803738317757009
1618,mc028,96.22641509433963
1618,mc030,67.9245283018868
1618,mc031,2.8301886792452833
1618,mc032,0.0
1618,mc033,25.49019607843137
1618,mc034,60.952380952380956
1618,mc035,5.05050505050505
1618,mc036,0.0
1618,mc037,1.8691588785046727
1618,mc038,0.0
1618,mc039,0.0
1618,mc040,28.703703703703702
1619,mc026,29.411764705882355
1619,mc027,0.0
1619,mc028,10.784313725490197
1619,mc030,4.716981132075472
1619,mc031,0.0
1619,mc032,0.9259259259259258
1619,mc033,0.9433962264150944
1619,mc034,3.8834951456310676
1619,mc035,1.0526315789473684
1619,mc036,0.0
1619,mc037,0.9708737864077669
1619,mc038,1.0
1619,mc039,1.8518518518518516
1619,mc040,3.7037037037037033
1620,mc026,0.9523809523809524
1620,mc027,0.0
1620,mc028,0.9345794392523363
1620,mc030,0.0
1620,mc031,0.0
1620,mc032,0.0
1620,mc033,0.0
1620,mc034,0.0
1620,mc035,0.0
1620,mc036,0.0
1620,mc037,0.0
1620,mc038,0.0
1620,mc039,0.0
1620,mc040,0.0
1621,mc026,0.0
1621,mc027,0.0
1621,mc028,2.8301886792452833
1621,mc030,1.8867924528301887
1621,mc031,0.0
1621,mc032,0.0
1621,mc033,0.0
1621,mc034,0.0
1621,mc035,0.0
1621,mc036,0.0
1621,mc037,0.0
1621,mc038,0.0
1621,mc039,0.0
1621,mc040,17.75700934579439
1622,mc026,7.000000000000001
1622,mc027,0.0
1622,mc028,0.0
1622,mc030,0.0
1622,mc031,0.0
1622,mc032,0.0
1622,mc033,0.0
1622,mc034,0.0
1622,mc035,0.0
1622,mc036,0.0
1622,mc037,0.0
1622,mc038,0.0
1622,mc039,0.0
1622,mc040,0.0
1623,mc026,0.0
1623,mc027,0.0
1623,mc028,1.8867924528301887
1623,mc030,0.0
1623,mc031,0.0
1623,mc032,0.0
1623,mc033,0.0
1623,mc034,0.0
1623,mc035,0.0
1623,mc036,0.0
1623,mc037,0.0
1623,mc038,0.0
1623,mc039,0.0
1623,mc040,0.0
1624,mc026,1.0204081632653061
1624,mc027,0.0
1624,mc028,0.0
1624,mc030,0.0
1624,mc031,0.0
1624,mc032,0.0
1624,mc033,0.0
1624,mc034,0.0
1624,mc035,0.0
1624,mc036,0.0
1624,mc037,0.0
1624,mc038,0.0
1624,mc039,0.0
1624,mc040,0.0
1625,mc026,1.0101010101010102
1625,mc027,0.0
1625,mc028,1.9047619047619049
1625,mc030,0.9433962264150944
1625,mc031,0.0
1625,mc032,0.0
1625,mc033,0.0
1625,mc034,0.0
1625,mc035,0.0
1625,mc036,0.0
1625,mc037,0.0
1625,mc038,0.0
1625,mc039,0.0
1625,mc040,0.9259259259259258
1626,mc026,29.292929292929294
1626,mc027,0.0
1626,mc028,13.725490196078432
1626,mc030,12.745098039215685
1626,mc031,0.9433962264150944
1626,mc032,0.9259259259259258
1626,mc033,0.9433962264150944
1626,mc034,1.8518518518518516
1626,mc035,3.8834951456310676
1626,mc036,0.0
1626,mc037,0.0
1626,mc038,1.8867924528301887
1626,mc039,0.9259259259259258
1626,mc040,5.555555555555555
1627,mc026,1.9417475728155338
1627,mc027,0.0
1627,mc028,0.0
1627,mc030,0.0
1627,mc031,0.0
1627,mc032,0.0
1627,mc033,0.0
1627,mc034,0.0
1627,mc035,0.0
1627,mc036,0.0
1627,mc037,0.0
1627,mc038,0.0
1627,mc039,0.0
1627,mc040,0.0
1628,mc026,0.9900990099009901
1628,mc027,0.0
1628,mc028,2.8301886792452833
1628,mc030,0.9259259259259258
1628,mc031,0.0
1628,mc032,0.0
1628,mc033,0.0
1628,mc034,0.9433962264150944
1628,mc035,0.9433962264150944
1628,mc036,0.0
1628,mc037,0.0
1628,mc038,0.0
1628,mc039,0.9259259259259258
1628,mc040,1.8518518518518516
1629,mc026,30.864197530864196
1629,mc027,0.9259259259259258
1629,mc028,10.1010101010101
1629,mc030,62.616822429906534
1629,mc031,5.660377358490567
1629,mc032,3.7037037037037033
1629,mc033,2.857142857142857
1629,mc034,11.11111111111111
1629,mc035,1.8691588785046727
1629,mc036,0.0
1629,mc037,0.9345794392523363
1629,mc038,0.9259259259259258
1629,mc039,10.185185185185185
1629,mc040,44.44444444444444
1631,mc026,0.0
1631,mc027,0.0
1631,mc028,0.0
1631,mc030,0.0
1631,mc031,0.0
1631,mc032,0.0
1631,mc033,0.0
1631,mc034,0.0
1631,mc035,0.0
1631,mc036,0.0
1631,mc037,0.0
1631,mc038,0.0
1631,mc039,0.0
1631,mc040,0.0
1632,mc026,20.833333333333336
1632,mc027,4.672897196261682
1632,mc028,8.571428571428571
1632,mc030,12.5
1632,mc031,0.9433962264150944
1632,mc032,1.8518518518518516
1632,mc033,0.9345794392523363
1632,mc034,10.377358490566039
1632,mc035,32.71028037383177
1632,mc036,0.0
1632,mc037,0.0
1632,mc038,32.71028037383177
1632,mc039,0.0
1632,mc040,0.9259259259259258
1632,mc041,34.25925925925926
1633,mc026,38.46153846153847
1633,mc027,0.0
1633,mc028,78.57142857142857
1633,mc030,36.08247422680412
1633,mc031,10.0
1633,mc032,0.0
1633,mc033,15.306122448979592
1633,mc034,44.61538461538462
1633,mc035,24.137931034482758
1633,mc036,1.8518518518518516
1633,mc037,0.9433962264150944
1633,mc038,57.49999999999999
1633,mc039,14.285714285714285
1633,mc040,80.55555555555556
1634,mc026,52.054794520547944
1634,mc027,0.0
1634,mc028,54.44444444444444
1634,mc030,81.0
1634,mc031,32.967032967032964
1634,mc032,81.48148148148148
1634,mc033,82.6923076923077
1634,mc034,25.263157894736842
1634,mc035,28.26086956521739
1634,mc036,90.74074074074075
1634,mc037,80.0
1634,mc038,13.592233009708737
1634,mc039,0.9433962264150944
1634,mc040,88.88888888888889
1635,mc026,20.98765432098765
1635,mc027,0.0
1635,mc028,1.9801980198019802
1635,mc030,0.0
1635,mc031,7.59493670886076
1635,mc032,0.0
1635,mc033,0.0
1635,mc034,59.756097560975604
1635,mc035,1.5384615384615385
1635,mc036,0.0
1635,mc037,0.0
1635,mc038,12.149532710280374
1635,mc039,0.0
1635,mc040,0.0
1636,mc026,0.0
1636,mc027,0.0
1636,mc028,6.60377358490566
1636,mc030,0.0
1636,mc031,0.0
1636,mc032,0.0
1636,mc033,0.0
1636,mc034,0.0
1636,mc035,0.0
1636,mc036,0.0
1636,mc037,0.0
1636,mc038,0.0
1636,mc039,0.0
1636,mc040,0.0
1637,mc026,0.0
1637,mc027,0.0
1637,mc028,0.0
1637,mc030,0.0
1637,mc031,0.0
1637,mc032,0.0
1637,mc033,0.0
1637,mc034,7.4074074074074066
1637,mc035,0.0
1637,mc036,0.0
1637,mc037,0.9345794392523363
1637,mc038,20.37037037037037
1637,mc039,0.0
1637,mc040,0.0
1638,mc026,19.791666666666664
1638,mc027,0.0
1638,mc028,73.83177570093457
1638,mc030,38.31775700934579
1638,mc031,82.2429906542056
1638,mc032,1.8518518518518516
1638,mc033,0.0
1638,mc034,0.0
1638,mc035,40.18691588785047
1638,mc036,1.8691588785046727
1638,mc037,0.0
1638,mc038,0.0
1638,mc039,0.0
1638,mc040,39.81481481481482
1639,mc026,0.0
1639,mc027,0.0
1639,mc028,2.803738317757009
1639,mc030,0.0
1639,mc031,0.0
1639,mc032,0.0
1639,mc033,0.0
1639,mc034,0.0
1639,mc035,0.0
1639,mc036,0.0
1639,mc037,0.0
1639,mc038,0.0
1639,mc039,0.0
1639,mc040,0.0
1640,mc026,1.0204081632653061
1640,mc027,0.0
1640,mc028,56.730769230769226
1640,mc030,0.9433962264150944
1640,mc031,0.9900990099009901
1640,mc032,0.0
1640,mc033,0.0
1640,mc034,27.61904761904762
1640,mc035,1.0204081632653061
1640,mc036,0.0
1640,mc037,0.0
1640,mc038,0.0
1640,mc039,0.0
1640,mc040,0.0
1641,mc026,9.523809523809524
1641,mc027,0.0
1641,mc028,63.55140186915887
1641,mc030,27.102803738317753
1641,mc031,0.9259259259259258
1641,mc032,0.0
1641,mc033,0.0
1641,mc034,2.803738317757009
1641,mc035,3.7383177570093453
1641,mc036,0.0
1641,mc037,0.0
1641,mc038,0.0
1641,mc039,0.0
1641,mc040,0.0
1642,mc026,0.0
1642,mc027,0.0
1642,mc028,10.2803738317757
1642,mc030,59.04761904761905
1642,mc031,0.9259259259259258
1642,mc032,0.0
1642,mc033,0.0
1642,mc034,0.9259259259259258
1642,mc035,0.0
1642,mc036,0.0
1642,mc037,0.0
1642,mc038,0.0
1642,mc039,0.0
1642,mc040,9.345794392523365
1643,mc026,3.8834951456310676
1643,mc027,0.0
1643,mc028,78.0952380952381
1643,mc030,2.803738317757009
1643,mc031,3.7383177570093453
1643,mc032,0.0
1643,mc033,35.51401869158878
1643,mc034,0.0
1643,mc035,0.0
1643,mc036,0.9345794392523363
1643,mc037,0.0
1643,mc038,0.0
1643,mc039,0.0
1643,mc040,27.77777777777778
1645,mc026,55.44554455445545
1645,mc027,0.0
1645,mc028,12.871287128712872
1645,mc030,13.084112149532709
1645,mc031,73.14814814814815
1645,mc032,1.8518518518518516
1645,mc033,0.0
1645,mc034,4.545454545454546
1645,mc035,57.407407407407405
1645,mc036,4.62962962962963
1645,mc037,0.0
1645,mc038,35.18518518518518
1645,mc039,5.555555555555555
1645,mc040,12.962962962962962
1646,mc026,32.038834951456316
1646,mc027,0.9259259259259258
1646,mc028,10.2803738317757
1646,mc030,11.11111111111111
1646,mc031,3.7383177570093453
1646,mc032,7.4074074074074066
1646,mc033,3.8095238095238098
1646,mc034,8.333333333333332
1646,mc035,42.71844660194174
1646,mc036,1.8518518518518516
1646,mc037,0.0
1646,mc038,16.666666666666664
1646,mc039,94.44444444444444
1646,mc040,13.88888888888889
1647,mc026,2.0202020202020203
1647,mc027,0.0
1647,mc028,24.299065420560748
1647,mc030,0.0
1647,mc031,0.0
1647,mc032,0.0
1647,mc033,0.0
1647,mc034,0.0
1647,mc035,0.9523809523809524
1647,mc036,0.0
1647,mc037,0.0
1647,mc038,0.0
1647,mc039,0.0
1647,mc040,0.0
1648,mc026,0.0
1648,mc027,0.0
1648,mc028,0.9345794392523363
1648,mc030,0.0
1648,mc031,0.0
1648,mc032,0.0
1648,mc033,0.0
1648,mc034,0.0
1648,mc035,0.0
1648,mc036,0.0
1648,mc037,0.0
1648,mc038,0.0
1648,mc039,0.0
1648,mc040,0.0
1649,mc026,39.62264150943396
1649,mc027,0.9259259259259258
1649,mc028,2.803738317757009
1649,mc030,2.7777777777777777
1649,mc031,5.555555555555555
1649,mc032,3.7037037037037033
1649,mc033,3.7383177570093453
1649,mc034,0.9259259259259258
1649,mc035,3.7037037037037033
1649,mc036,0.0
1649,mc037,0.0
1649,mc038,1.8518518518518516
1649,mc039,0.0
1649,mc040,5.555555555555555
1650,mc026,0.0
1650,mc027,0.0
1650,mc028,10.576923076923077
1650,mc030,1.8691588785046727
1650,mc031,0.0
1650,mc032,1.8518518518518516
1650,mc033,3.8461538461538463
1650,mc034,0.0
1650,mc035,19.0
1650,mc036,1.8518518518518516
1650,mc037,0.0
1650,mc038,0.0
1650,mc039,24.299065420560748
1650,mc040,0.0
1651,mc026,0.0
1651,mc027,0.0
1651,mc028,0.0
1651,mc030,0.0
1651,mc031,0.0
1651,mc032,0.0
1651,mc033,0.0
1651,mc034,0.0
1651,mc035,0.0
1651,mc036,0.0
1651,mc037,0.0
1651,mc038,0.0
1651,mc039,0.0
1651,mc040,0.0
1652,mc026,5.9405940594059405
1652,mc027,0.0
1652,mc028,3.8461538461538463
1652,mc030,0.0
1652,mc031,0.0
1652,mc032,0.0
1652,mc033,0.0
1652,mc034,6.896551724137931
1652,mc035,0.0
1652,mc036,0.0
1652,mc037,2.8301886792452833
1652,mc038,3.0
1652,mc039,0.0
1652,mc040,0.0
1653,mc026,0.9523809523809524
1653,mc027,0.0
1653,mc028,0.0
1653,mc030,0.0
1653,mc031,0.0
1653,mc032,0.0
1653,mc033,0.0
1653,mc034,0.0
1653,mc035,0.0
1653,mc036,0.0
1653,mc037,0.0
1653,mc038,0.0
1653,mc039,0.0
1653,mc040,0.0
1654,mc026,0.9803921568627451
1654,mc027,0.0
1654,mc028,6.862745098039216
1654,mc030,3.9215686274509802
1654,mc031,0.0
1654,mc032,0.0
1654,mc033,0.0
1654,mc034,0.9345794392523363
1654,mc035,0.0
1654,mc036,0.0
1654,mc037,0.9708737864077669
1654,mc038,0.0
1654,mc039,0.0
1654,mc040,0.0
1655,mc026,0.9900990099009901
1655,mc027,0.0
1655,mc028,0.0
1655,mc030,0.0
1655,mc031,0.0
1655,mc032,0.0
1655,mc033,0.0
1655,mc034,0.0
1655,mc035,0.0
1655,mc036,0.0
1655,mc037,0.0
1655,mc038,0.0
1655,mc039,0.0
1655,mc040,0.0
1656,mc026,67.0
1656,mc027,2.7777777777777777
1656,mc028,12.380952380952381
1656,mc030,86.79245283018868
1656,mc031,1.8691588785046727
1656,mc032,75.92592592592592
1656,mc033,35.18518518518518
1656,mc034,96.29629629629629
1656,mc035,30.392156862745097
1656,mc036,69.44444444444444
1656,mc037,1.8691588785046727
1656,mc038,40.77669902912621
1656,mc039,38.88888888888889
1656,mc040,92.5925925925926
1660,mc026,2.8846153846153846
1660,mc027,0.0
1660,mc028,12.264150943396226
1660,mc030,27.358490566037734
1660,mc031,1.9047619047619049
1660,mc032,5.555555555555555
1660,mc033,42.05607476635514
1660,mc034,85.04672897196261
1660,mc035,30.0
1660,mc036,7.4074074074074066
1660,mc037,2.8301886792452833
1660,mc038,0.0
1660,mc039,2.7777777777777777
1660,mc040,36.44859813084112
1661,mc026,0.0
1661,mc027,0.0
1661,mc028,0.0
1661,mc030,0.0
1661,mc031,0.0
1661,mc032,0.0
1661,mc033,0.0
1661,mc034,0.0
1661,mc035,0.0
1661,mc036,0.0
1661,mc037,0.0
1661,mc038,0.0
1661,mc039,0.0
1661,mc040,0.0
1662,mc026,1.9801980198019802
1662,mc027,0.0
1662,mc028,5.660377358490567
1662,mc030,11.76470588235294
1662,mc031,0.0
1662,mc032,0.0
1662,mc033,0.0
1662,mc034,0.0
1662,mc035,0.0
1662,mc036,0.0
1662,mc037,0.0
1662,mc038,0.0
1662,mc039,0.0
1662,mc040,4.672897196261682
1663,mc026,0.0
1663,mc027,0.0
1663,mc028,29.245283018867923
1663,mc030,0.0
1663,mc031,0.0
1663,mc032,0.0
1663,mc033,0.0
1663,mc034,0.0
1663,mc035,0.0
1663,mc036,0.0
1663,mc037,0.0
1663,mc038,0.0
1663,mc039,0.0
1663,mc040,0.0
1666_text,mc026,0.0
1666_text,mc027,0.0
1666_text,mc028,0.0
1666_text,mc030,0.0
1666_text,mc031,0.0
1666_text,mc032,0.0
1666_text,mc033,0.0
1666_text,mc034,0.0
1666_text,mc035,0.9259259259259258
1666_text,mc036,0.0
1666_text,mc037,0.0
1666_text,mc038,0.0
1666_text,mc039,0.0
1669,mc026,0.9433962264150944
1669,mc027,0.0
1669,mc028,1.9047619047619049
1669,mc030,0.0
1669,mc031,0.0
1669,mc032,0.0
1669,mc033,0.0
1669,mc034,0.0
1669,mc035,0.0
1669,mc036,0.0
1669,mc037,0.0
1669,mc038,0.0
1669,mc039,0.0
1669,mc040,0.0
1670,mc026,73.7864077669903
1670,mc027,85.18518518518519
1670,mc028,41.509433962264154
1670,mc030,95.37037037037037
1670,mc031,89.81481481481481
1670,mc032,99.07407407407408
1670,mc033,91.58878504672897
1670,mc034,83.33333333333334
1670,mc035,90.56603773584906
1670,mc036,99.07407407407408
1670,mc037,15.887850467289718
1670,mc038,74.07407407407408
1670,mc039,100.0
1670,mc040,82.4074074074074
1671,mc026,6.25
1671,mc027,0.9259259259259258
1671,mc028,0.9615384615384616
1671,mc030,1.8518518518518516
1671,mc031,0.0
1671,mc032,0.0
1671,mc033,1.9230769230769231
1671,mc034,0.0
1671,mc035,4.761904761904762
1671,mc036,0.0
1671,mc037,0.0
1671,mc038,0.0
1671,mc039,0.0
1671,mc040,0.9259259259259258
1672,mc026,6.796116504854369
1672,mc027,1.8518518518518516
1672,mc028,65.68627450980392
1672,mc030,20.0
1672,mc031,18.269230769230766
1672,mc032,0.0
1672,mc033,0.0
1672,mc034,0.0
1672,mc035,0.0
1672,mc036,0.0
1672,mc037,0.0
1672,mc038,0.9433962264150944
1672,mc039,0.0
1672,mc040,0.9259259259259258
1673,mc026,21.428571428571427
1673,mc027,6.481481481481481
1673,mc028,3.8095238095238098
1673,mc030,51.546391752577314
1673,mc031,8.60215053763441
1673,mc032,32.407407407407405
1673,mc033,1.9230769230769231
1673,mc034,34.90566037735849
1673,mc035,38.04347826086957
1673,mc036,29.629629629629626
1673,mc037,0.0
1673,mc038,63.46153846153846
1673,mc039,0.9259259259259258
1673,mc040,11.11111111111111
1674,mc026,1.2195121951219512
1674,mc027,0.0
1674,mc028,6.9306930693069315
1674,mc030,0.0
1674,mc031,2.1739130434782608
1674,mc032,0.0
1674,mc033,0.0
1674,mc034,0.0
1674,mc035,2.127659574468085
1674,mc036,0.0
1674,mc037,0.9433962264150944
1674,mc038,0.0
1674,mc039,1.8518518518518516
1674,mc040,0.0
1675,mc026,0.0
1675,mc027,0.0
1675,mc028,5.607476635514018
1675,mc030,0.0
1675,mc031,0.0
1675,mc032,0.0
1675,mc033,0.0
1675,mc034,0.0
1675,mc035,2.4691358024691357
1675,mc036,0.0
1675,mc037,0.0
1675,mc038,0.0
1675,mc039,0.0
1675,mc040,0.0
1676,mc026,3.0303030303030303
1676,mc031,34.883720930232556
1676,mc032,0.0
1676,mc033,0.0
1676,mc034,0.9615384615384616
1676,mc035,6.593406593406594
1676,mc036,0.0
1676,mc037,0.0
1676,mc038,0.0
1676,mc039,0.0
1676,mc040,0.9259259259259258
1677,mc026,5.813953488372093
1677,mc027,0.0
1677,mc028,2.941176470588235
1677,mc030,1.9230769230769231
1677,mc031,14.14141414141414
1677,mc032,0.0
1677,mc033,0.0
1677,mc034,0.0
1677,mc035,1.1363636363636365
1677,mc036,0.0
1677,mc037,0.0
1677,mc038,0.0
1677,mc039,0.0
1677,mc040,0.0
1678,mc026,0.0
1678,mc027,0.0
1678,mc028,0.9900990099009901
1678,mc030,0.0
1678,mc031,0.0
1678,mc032,0.0
1678,mc033,0.0
1678,mc034,0.0
1678,mc035,0.0
1678,mc036,0.0
1678,mc037,0.0
1678,mc038,0.0
1678,mc039,0.0
1678,mc040,0.0
1679,mc040,5.555555555555555
1680,mc026,2.857142857142857
1680,mc027,0.0
1680,mc028,0.0
1680,mc030,0.9259259259259258
1680,mc031,0.0
1680,mc032,0.0
1680,mc033,0.0
1680,mc034,0.0
1680,mc035,0.0
1680,mc036,0.0
1680,mc037,0.0
1680,mc038,0.0
1680,mc039,0.0
1680,mc040,0.0
1681,mc026,0.0
1681,mc027,0.0
1681,mc028,0.9615384615384616
1681,mc030,0.0
1681,mc031,0.0
1681,mc032,0.0
1681,mc033,0.0
1681,mc034,0.0
1681,mc035,0.0
1681,mc036,0.0
1681,mc037,0.9345794392523363
1681,mc038,0.0
1681,mc039,0.0
1681,mc040,0.9259259259259258
1682,mc026,59.61538461538461
1682,mc027,0.0
1682,mc028,86.91588785046729
1682,mc030,4.62962962962963
1682,mc031,65.74074074074075
1682,mc032,6.481481481481481
1682,mc033,6.60377358490566
1682,mc034,35.18518518518518
1682,mc035,50.467289719626166
1682,mc036,1.8518518518518516
1682,mc037,0.0
1682,mc038,47.66355140186916
1682,mc039,15.74074074074074
1682,mc040,12.149532710280374
1683,mc026,0.0
1683,mc027,0.0
1683,mc028,0.0
1683,mc030,0.0
1683,mc031,0.0
1683,mc032,0.0
1683,mc033,0.0
1683,mc034,0.0
1683,mc035,0.0
1683,mc036,0.0
1683,mc037,0.0
1683,mc038,0.0
1683,mc039,0.0
1683,mc040,0.0
1685,mc026,0.0
1685,mc027,0.0
1685,mc028,0.0
1685,mc030,0.0
1685,mc031,0.0
1685,mc032,0.0
1685,mc033,0.0
1685,mc034,0.0
1685,mc035,0.0
1685,mc036,0.0
1685,mc037,0.0
1685,mc038,0.0
1685,mc039,0.0
1685,mc040,0.0
1686,mc026,20.238095238095237
1686,mc027,92.38095238095238
1686,mc028,22.330097087378643
1686,mc030,19.54022988505747
1686,mc031,5.555555555555555
1686,mc032,16.19047619047619
1686,mc033,38.04347826086957
1686,mc034,65.71428571428571
1686,mc035,32.467532467532465
1686,mc036,7.920792079207921
1686,mc037,97.14285714285714
1686,mc038,95.28301886792453
1686,mc039,57.009345794392516
1686,mc040,41.509433962264154
1687,mc026,0.9803921568627451
1687,mc027,0.0
1687,mc028,8.333333333333332
1687,mc030,18.627450980392158
1687,mc031,0.0
1687,mc032,0.0
1687,mc033,0.0
1687,mc034,0.9259259259259258
1687,mc035,3.614457831325301
1687,mc036,0.9345794392523363
1687,mc037,0.0
1687,mc038,16.304347826086957
1687,mc039,10.185185185185185
1687,mc040,0.0
1688,mc026,1.0416666666666665
1688,mc027,0.0
1688,mc028,0.0
1688,mc030,0.0
1688,mc031,0.0
1688,mc032,0.0
1688,mc033,0.0
1688,mc034,0.0
1688,mc035,0.0
1688,mc036,0.0
1688,mc037,0.0
1688,mc038,0.0
1688,mc039,0.0
1688,mc040,0.0
1689,mc026,0.0
1689,mc027,0.0
1689,mc028,13.592233009708737
1689,mc030,2.9702970297029703
1689,mc031,0.0
1689,mc032,0.0
1689,mc033,0.0
1689,mc034,0.0
1689,mc035,0.0
1689,mc036,0.0
1689,mc037,0.0
1689,mc038,0.0
1689,mc039,0.0
1689,mc040,0.9259259259259258
1690,mc026,0.0
1690,mc027,0.0
1690,mc028,0.0
1690,mc030,0.0
1690,mc031,0.0
1690,mc032,0.0
1690,mc033,0.0
1690,mc034,0.0
1690,mc035,0.0
1690,mc036,0.0
1690,mc037,0.0
1690,mc038,0.9259259259259258
1690,mc039,0.0
1690,mc040,0.0
1691,mc027,0.0
1691,mc030,0.0
1691,mc031,1.9607843137254901
1691,mc032,0.0
1691,mc033,0.0
1691,mc034,0.0
1691,mc035,0.0
1691,mc036,0.0
1691,mc037,0.0
1691,mc038,0.0
1691,mc039,0.0
1691,mc040,0.0
1692,mc026,12.0
1692,mc027,0.0
1692,mc028,0.9433962264150944
1692,mc030,0.0
1692,mc031,1.8867924528301887
1692,mc032,0.9259259259259258
1692,mc033,0.9345794392523363
1692,mc034,0.0
1692,mc035,0.9345794392523363
1692,mc036,0.9345794392523363
1692,mc037,0.0
1692,mc038,0.0
1692,mc039,0.0
1692,mc040,0.0
1698,mc040,0.0
1699,mc040,0.0
17,mc026,0.0
17,mc027,0.0
17,mc028,10.679611650485436
17,mc030,0.9433962264150944
17,mc031,0.0
17,mc032,0.0
17,mc033,1.8518518518518516
17,mc034,0.0
17,mc035,0.9708737864077669
17,mc036,0.0
17,mc037,0.0
17,mc038,0.0
17,mc039,0.0
17,mc040,2.7777777777777777
1700,mc040,0.0
1701,mc040,0.0
1702,mc026,0.0
1702,mc027,0.0
1702,mc028,0.0
1702,mc030,0.0
1702,mc031,11.627906976744185
1702,mc032,0.0
1702,mc033,0.0
1702,mc034,0.0
1702,mc035,1.8518518518518516
1702,mc036,0.0
1702,mc037,0.0
1702,mc038,0.0
1702,mc039,0.0
1702,mc040,0.0
1703,mc026,0.0
1703,mc027,0.0
1703,mc028,3.1578947368421053
1703,mc030,0.0
1703,mc031,0.0
1703,mc032,0.0
1703,mc033,0.0
1703,mc034,0.0
1703,mc035,0.0
1703,mc036,0.0
1703,mc037,0.0
1703,mc038,0.0
1703,mc039,0.0
1703,mc040,0.0
1704,mc040,0.0
1705,mc026,23.333333333333332
1705,mc027,0.0
1705,mc028,8.571428571428571
1705,mc030,1.8691588785046727
1705,mc031,0.0
1705,mc032,0.0
1705,mc033,0.0
1705,mc034,0.0
1705,mc035,0.0
1705,mc036,0.0
1705,mc037,0.0
1705,mc038,0.0
1705,mc039,0.0
1705,mc040,0.9345794392523363
1706,mc026,1.1627906976744187
1706,mc027,0.0
1706,mc028,0.9523809523809524
1706,mc030,0.0
1706,mc031,0.0
1706,mc032,0.0
1706,mc033,0.0
1706,mc034,0.0
1706,mc035,0.0
1706,mc036,0.0
1706,mc037,0.0
1706,mc038,0.0
1706,mc039,0.0
1706,mc040,0.0
1707,mc026,0.0
1707,mc027,0.0
1707,mc028,0.0
1707,mc030,0.9433962264150944
1707,mc031,0.0
1707,mc032,0.0
1707,mc033,0.0
1707,mc034,0.0
1707,mc035,0.0
1707,mc036,0.0
1707,mc037,0.0
1707,mc038,0.0
1707,mc039,0.0
1707,mc040,0.9259259259259258
1708,mc026,14.285714285714285
1708,mc027,0.0
1708,mc028,8.737864077669903
1708,mc030,0.0
1708,mc031,14.102564102564102
1708,mc032,0.9345794392523363
1708,mc033,1.0101010101010102
1708,mc034,2.7777777777777777
1708,mc035,0.0
1708,mc036,0.9523809523809524
1708,mc037,0.9708737864077669
1708,mc038,0.9523809523809524
1708,mc039,2.7777777777777777
1708,mc040,1.9047619047619049
1709,mc026,2.1739130434782608
1709,mc027,1.8691588785046727
1709,mc028,17.307692307692307
1709,mc030,14.736842105263156
1709,mc031,10.204081632653061
1709,mc032,0.9259259259259258
1709,mc033,3.061224489795918
1709,mc034,2.803738317757009
1709,mc035,16.49484536082474
1709,mc036,2.857142857142857
1709,mc037,3.8095238095238098
1709,mc038,0.0
1709,mc039,0.0
1709,mc040,6.5420560747663545
1710,mc026,37.5
1710,mc027,0.9433962264150944
1710,mc028,0.9433962264150944
1710,mc030,20.192307692307693
1710,mc031,25.233644859813083
1710,mc032,4.62962962962963
1710,mc033,0.0
1710,mc034,18.867924528301888
1710,mc035,4.9504950495049505
1710,mc036,0.0
1710,mc037,0.0
1710,mc038,0.0
1710,mc039,55.55555555555556
1710,mc040,1.9047619047619049
1711,mc026,0.0
1711,mc027,0.0
1711,mc028,1.9230769230769231
1711,mc030,0.0
1711,mc031,0.0
1711,mc032,0.0
1711,mc033,0.0
1711,mc034,0.0
1711,mc035,0.0
1711,mc036,0.0
1711,mc037,0.0
1711,mc038,0.0
1711,mc039,0.0
1711,mc040,2.7777777777777777
1712,mc026,0.0
1712,mc027,0.0
1712,mc028,6.796116504854369
1712,mc030,0.0
1712,mc031,0.0
1712,mc032,0.0
1712,mc033,0.0
1712,mc034,0.0
1712,mc035,0.0
1712,mc036,0.0
1712,mc037,0.0
1712,mc038,0.0
1712,mc039,0.0
1712,mc040,0.0
1713,mc040,0.9259259259259258
1714,mc040,6.481481481481481
1715,mc026,0.0
1715,mc027,0.0
1715,mc028,0.0
1715,mc030,0.0
1715,mc031,0.0
1715,mc032,0.0
1715,mc033,0.0
1715,mc034,0.0
1715,mc035,0.0
1715,mc036,0.0
1715,mc037,0.0
1715,mc038,0.0
1715,mc039,0.0
1715,mc040,0.0
1716,mc026,0.0
1716,mc027,0.0
1716,mc028,0.0
1716,mc030,0.0
1716,mc031,0.0
1716,mc032,0.0
1716,mc033,0.0
1716,mc034,0.0
1716,mc035,0.0
1716,mc036,0.0
1716,mc037,0.0
1716,mc038,0.0
1716,mc039,0.0
1716,mc040,0.0
1717,mc026,3.0
1717,mc027,0.0
1717,mc028,0.0
1717,mc030,0.0
1717,mc031,0.0
1717,mc032,0.0
1717,mc033,0.0
1717,mc034,0.0
1717,mc035,0.0
1717,mc036,0.0
1717,mc037,0.0
1717,mc038,0.0
1717,mc039,0.0
1717,mc040,0.0
1718,mc039,0.0
1718,mc040,0.0
1719,mc026,2.912621359223301
1719,mc027,0.0
1719,mc028,3.7383177570093453
1719,mc030,0.0
1719,mc031,0.0
1719,mc032,0.0
1719,mc033,0.0
1719,mc034,0.0
1719,mc035,0.0
1719,mc036,0.0
1719,mc037,0.0
1719,mc038,0.0
1719,mc039,0.0
1719,mc040,0.0
1720,mc026,18.181818181818183
1720,mc027,0.0
1720,mc028,88.67924528301887
1720,mc030,59.22330097087378
1720,mc031,44.11764705882353
1720,mc032,2.7777777777777777
1720,mc033,0.9259259259259258
1720,mc034,2.7777777777777777
1720,mc035,6.730769230769231
1720,mc036,0.0
1720,mc037,0.0
1720,mc038,0.0
1720,mc039,0.0
1720,mc040,33.64485981308411
1722,mc026,0.0
1722,mc027,0.0
1722,mc028,0.0
1722,mc030,0.0
1722,mc031,0.0
1722,mc032,0.0
1722,mc033,0.0
1722,mc034,0.0
1722,mc035,0.0
1722,mc036,0.0
1722,mc037,0.0
1722,mc038,0.0
1722,mc039,0.0
1722,mc040,0.0
1723,mc026,0.9433962264150944
1723,mc027,0.0
1723,mc028,1.8867924528301887
1723,mc030,0.0
1723,mc031,1.8691588785046727
1723,mc032,0.0
1723,mc033,0.0
1723,mc034,0.0
1723,mc035,0.0
1723,mc036,0.0
1723,mc037,0.0
1723,mc038,0.0
1723,mc039,0.0
1723,mc040,0.0
1724,mc026,8.771929824561402
1724,mc027,0.0
1724,mc028,21.782178217821784
1724,mc030,1.0204081632653061
1724,mc031,2.2988505747126435
1724,mc032,0.0
1724,mc033,1.9801980198019802
1724,mc034,0.0
1724,mc035,1.282051282051282
1724,mc036,0.0
1724,mc037,0.0
1724,mc038,0.0
1724,mc039,0.0
1724,mc040,1.8691588785046727
1725,mc026,11.76470588235294
1725,mc027,0.9259259259259258
1725,mc028,66.01941747572816
1725,mc030,2.803738317757009
1725,mc031,4.901960784313726
1725,mc032,0.0
1725,mc033,0.9345794392523363
1725,mc034,61.111111111111114
1725,mc035,30.927835051546392
1725,mc036,0.0
1725,mc037,0.0
1725,mc038,0.0
1725,mc039,2.7777777777777777
1725,mc040,0.9259259259259258
1726,mc026,0.0
1726,mc027,0.0
1726,mc028,0.0
1726,mc030,0.9433962264150944
1726,mc031,0.0
1726,mc032,7.4074074074074066
1726,mc033,0.0
1726,mc034,0.0
1726,mc035,0.0
1726,mc036,4.62962962962963
1726,mc037,0.0
1726,mc038,0.0
1726,mc039,0.0
1726,mc040,0.9259259259259258
1727,mc026,43.29896907216495
1727,mc027,0.0
1727,mc028,33.33333333333333
1727,mc030,1.9047619047619049
1727,mc031,12.244897959183673
1727,mc032,2.7777777777777777
1727,mc033,0.0
1727,mc034,51.85185185185185
1727,mc035,10.416666666666668
1727,mc036,0.9345794392523363
1727,mc037,0.0
1727,mc038,30.555555555555557
1727,mc039,0.0
1727,mc040,25.0
1728,mc026,0.9433962264150944
1728,mc027,0.0
1728,mc028,0.0
1728,mc030,0.0
1728,mc031,0.0
1728,mc032,0.0
1728,mc033,0.0
1728,mc034,0.0
1728,mc035,0.0
1728,mc036,0.0
1728,mc037,0.0
1728,mc038,0.0
1728,mc039,0.0
1728,mc040,0.0
1729_text,mc026,0.0
1729_text,mc027,0.0
1729_text,mc028,4.716981132075472
1729_text,mc030,0.0
1729_text,mc031,0.0
1729_text,mc032,0.0
1729_text,mc033,0.0
1729_text,mc034,0.0
1729_text,mc035,0.9433962264150944
1729_text,mc036,0.0
1729_text,mc037,0.0
1729_text,mc038,0.0
1729_text,mc039,0.0
1730,mc026,0.0
1730,mc027,0.0
1730,mc028,0.0
1730,mc030,0.0
1730,mc031,0.0
1730,mc032,0.0
1730,mc033,0.0
1730,mc034,0.0
1730,mc035,0.0
1730,mc036,0.0
1730,mc037,0.0
1730,mc038,0.0
1730,mc039,0.0
1730,mc040,0.0
1731,mc026,0.0
1731,mc027,0.0
1731,mc028,0.9345794392523363
1731,mc030,0.0
1731,mc031,0.0
1731,mc032,0.0
1731,mc033,0.9433962264150944
1731,mc034,0.0
1731,mc035,0.0
1731,mc036,0.0
1731,mc037,0.0
1731,mc038,0.0
1731,mc039,0.0
1731,mc040,6.481481481481481
1736,mc040,0.0
1737,mc026,1.0101010101010102
1737,mc027,0.0
1737,mc028,0.0
1737,mc030,0.0
1737,mc031,0.0
1737,mc032,0.0
1737,mc033,0.0
1737,mc034,0.0
1737,mc035,0.0
1737,mc036,0.0
1737,mc037,0.0
1737,mc038,0.0
1737,mc039,0.0
1737,mc040,0.0
1738,mc026,1.0309278350515463
1738,mc027,0.0
1738,mc028,6.862745098039216
1738,mc030,20.952380952380953
1738,mc031,1.9047619047619049
1738,mc032,0.0
1738,mc033,0.9433962264150944
1738,mc034,7.4074074074074066
1738,mc035,0.0
1738,mc036,0.0
1738,mc037,0.0
1738,mc038,0.0
1738,mc039,0.0
1738,mc040,1.8518518518518516
1739,mc040,1.8691588785046727
1741,mc027,0.0
1741,mc030,0.0
1741,mc031,0.0
1741,mc032,0.0
1741,mc033,0.0
1741,mc034,0.0
1741,mc035,0.0
1741,mc036,0.0
1741,mc037,0.0
1741,mc038,0.0
1741,mc039,0.0
1741,mc040,0.0
1742,mc040,8.333333333333332
1743,mc040,0.9345794392523363
1744,mc040,0.0
1745,mc040,71.96261682242991
1747,mc026,2.666666666666667
1747,mc027,0.0
1747,mc028,0.0
1747,mc030,0.0
1747,mc031,0.0
1747,mc032,0.0
1747,mc033,3.8095238095238098
1747,mc034,0.0
1747,mc035,3.614457831325301
1747,mc036,0.0
1747,mc037,0.0
1747,mc038,0.0
1747,mc039,0.9259259259259258
1747,mc040,3.7037037037037033
1748,mc026,45.54455445544555
1748,mc027,0.0
1748,mc028,2.857142857142857
1748,mc030,4.807692307692308
1748,mc031,15.887850467289718
1748,mc032,0.9259259259259258
1748,mc033,0.0
1748,mc034,0.9345794392523363
1748,mc035,0.0
1748,mc036,0.0
1748,mc037,0.0
1748,mc038,2.197802197802198
1748,mc039,0.0
1748,mc040,0.9259259259259258
1749,mc026,0.0
1749,mc027,0.0
1749,mc028,0.9345794392523363
1749,mc030,0.0
1749,mc031,0.0
1749,mc032,0.0
1749,mc033,0.9345794392523363
1749,mc034,0.0
1749,mc035,0.0
1749,mc036,0.0
1749,mc037,0.0
1749,mc038,0.0
1749,mc039,0.0
1749,mc040,0.0
1750,mc026,1.0416666666666665
1750,mc027,0.9345794392523363
1750,mc028,0.9708737864077669
1750,mc030,16.037735849056602
1750,mc031,1.0309278350515463
1750,mc032,0.9259259259259258
1750,mc033,0.0
1750,mc034,0.9345794392523363
1750,mc035,3.488372093023256
1750,mc036,0.0
1750,mc037,0.0
1750,mc038,0.9259259259259258
1750,mc039,0.0
1750,mc040,9.345794392523365
1753,mc026,0.0
1753,mc027,72.38095238095238
1753,mc028,53.77358490566038
1753,mc030,16.483516483516482
1753,mc031,8.695652173913043
1753,mc032,42.592592592592595
1753,mc033,15.686274509803921
1753,mc034,30.526315789473685
1753,mc035,38.57142857142858
1753,mc036,39.81481481481482
1753,mc037,57.54716981132076
1753,mc038,59.43396226415094
1753,mc039,85.18518518518519
1753,mc040,18.69158878504673
1754,mc027,16.666666666666664
1754,mc028,4.716981132075472
1754,mc030,0.0
1754,mc032,14.814814814814813
1754,mc033,0.9433962264150944
1754,mc034,0.0
1754,mc035,0.9259259259259258
1754,mc036,5.555555555555555
1754,mc037,0.0
1754,mc038,0.9259259259259258
1754,mc039,5.555555555555555
1754,mc040,5.555555555555555
1755,mc026,0.9615384615384616
1755,mc027,0.0
1755,mc028,3.7383177570093453
1755,mc030,12.149532710280374
1755,mc031,0.0
1755,mc032,0.0
1755,mc033,0.0
1755,mc034,0.0
1755,mc035,0.9259259259259258
1755,mc036,0.0
1755,mc037,0.0
1755,mc038,0.0
1755,mc039,0.0
1755,mc040,16.666666666666664
1756,mc026,0.0
1756,mc027,0.0
1756,mc028,0.0
1756,mc030,0.0
1756,mc031,0.0
1756,mc032,0.0
1756,mc033,0.0
1756,mc034,0.0
1756,mc035,0.0
1756,mc036,0.0
1756,mc037,0.0
1756,mc038,0.0
1756,mc039,0.0
1756,mc040,0.0
1757,mc026,0.9433962264150944
1757,mc027,0.0
1757,mc028,0.0
1757,mc030,0.0
1757,mc031,0.0
1757,mc032,0.0
1757,mc033,0.0
1757,mc034,0.0
1757,mc035,0.0
1757,mc036,0.0
1757,mc037,0.0
1757,mc038,0.0
1757,mc039,0.0
1757,mc040,0.0
1757,mc041,0.0
1758,mc026,0.0
1758,mc027,0.0
1758,mc028,0.9345794392523363
1758,mc030,0.0
1758,mc031,0.0
1758,mc032,0.0
1758,mc033,0.0
1758,mc034,0.0
1758,mc035,0.0
1758,mc036,0.0
1758,mc037,0.0
1758,mc038,0.0
1758,mc039,0.0
1758,mc040,0.0
1759,mc026,28.57142857142857
1759,mc027,0.0
1759,mc028,50.476190476190474
1759,mc030,5.607476635514018
1759,mc031,15.887850467289718
1759,mc032,0.0
1759,mc033,1.8691588785046727
1759,mc034,79.62962962962963
1759,mc035,7.476635514018691
1759,mc036,0.0
1759,mc037,2.803738317757009
1759,mc038,91.66666666666666
1759,mc039,0.0
1759,mc040,7.476635514018691
1760,mc026,0.9708737864077669
1760,mc027,0.0
1760,mc028,2.803738317757009
1760,mc030,0.0
1760,mc031,0.9433962264150944
1760,mc032,0.0
1760,mc033,0.0
1760,mc034,0.0
1760,mc035,0.0
1760,mc036,0.0
1760,mc037,0.0
1760,mc038,0.0
1760,mc039,0.0
1760,mc040,0.0
1761,mc026,2.857142857142857
1761,mc027,0.0
1761,mc028,0.9345794392523363
1761,mc030,0.9345794392523363
1761,mc031,0.0
1761,mc032,0.0
1761,mc033,0.0
1761,mc034,0.0
1761,mc035,0.9259259259259258
1761,mc036,0.0
1761,mc037,0.0
1761,mc038,0.9708737864077669
1761,mc039,0.9259259259259258
1761,mc040,25.233644859813083
1762,mc026,0.0
1762,mc027,1.8518518518518516
1762,mc028,1.9230769230769231
1762,mc030,0.0
1762,mc031,1.8518518518518516
1762,mc032,0.0
1762,mc033,0.0
1762,mc034,35.18518518518518
1762,mc035,0.0
1762,mc036,0.0
1762,mc037,0.0
1762,mc038,0.0
1762,mc039,0.0
1762,mc040,0.0
1763,mc026,0.0
1763,mc027,0.0
1763,mc028,0.9523809523809524
1763,mc030,1.9417475728155338
1763,mc031,0.0
1763,mc032,0.0
1763,mc033,0.9259259259259258
1763,mc034,0.0
1763,mc035,0.0
1763,mc036,0.0
1763,mc037,0.0
1763,mc038,0.0
1763,mc039,0.0
1763,mc040,0.9433962264150944
1764,mc026,2.083333333333333
1764,mc027,0.0
1764,mc028,1.9047619047619049
1764,mc030,1.8867924528301887
1764,mc031,9.090909090909092
1764,mc032,0.0
1764,mc033,0.0
1764,mc034,0.0
1764,mc035,0.0
1764,mc036,0.0
1764,mc037,0.0
1764,mc038,0.0
1764,mc039,2.803738317757009
1764,mc040,0.0
1764,mc041,0.0
1765,mc026,25.0
1765,mc027,0.0
1765,mc028,1.8867924528301887
1765,mc030,0.0
1765,mc031,3.9215686274509802
1765,mc032,0.0
1765,mc033,0.0
1765,mc034,0.0
1765,mc035,0.0
1765,mc036,0.0
1765,mc037,0.0
1765,mc038,0.0
1765,mc039,0.0
1765,mc040,0.0
1766,mc026,0.0
1766,mc027,0.0
1766,mc028,0.9433962264150944
1766,mc030,0.0
1766,mc031,0.0
1766,mc032,0.0
1766,mc033,0.0
1766,mc034,0.0
1766,mc035,0.0
1766,mc036,0.0
1766,mc037,0.0
1766,mc038,0.0
1766,mc039,0.0
1766,mc040,0.0
1767,mc026,3.1914893617021276
1767,mc027,12.871287128712872
1767,mc028,54.285714285714285
1767,mc030,21.904761904761905
1767,mc031,11.224489795918368
1767,mc032,27.77777777777778
1767,mc033,16.9811320754717
1767,mc034,92.45283018867924
1767,mc035,25.581395348837212
1767,mc036,39.25233644859813
1767,mc037,29.906542056074763
1767,mc038,38.31775700934579
1767,mc039,44.85981308411215
1767,mc040,62.96296296296296
1768,mc026,0.0
1768,mc027,0.0
1768,mc028,3.8095238095238098
1768,mc030,0.9803921568627451
1768,mc031,0.0
1768,mc032,0.0
1768,mc033,2.2222222222222223
1768,mc034,0.0
1768,mc035,0.0
1768,mc036,0.0
1768,mc037,0.0
1768,mc038,0.0
1768,mc039,0.0
1768,mc040,0.0
1769,mc040,0.0
1770,mc026,1.9607843137254901
1770,mc027,0.0
1770,mc028,0.0
1770,mc030,0.0
1770,mc031,0.0
1770,mc032,0.0
1770,mc033,0.0
1770,mc034,0.0
1770,mc035,0.0
1770,mc036,0.0
1770,mc037,0.0
1770,mc038,0.0
1770,mc039,0.0
1770,mc040,0.0
1771,mc026,0.0
1771,mc027,0.0
1771,mc028,0.0
1771,mc030,0.0
1771,mc031,0.0
1771,mc032,0.9259259259259258
1771,mc033,0.0
1771,mc034,0.0
1771,mc035,0.0
1771,mc036,0.0
1771,mc037,0.0
1771,mc038,0.0
1771,mc039,0.0
1771,mc040,0.0
1775,mc040,55.140186915887845
1776,mc040,0.0
1777,mc040,0.0
1778,mc040,1.8518518518518516
1779,mc040,80.55555555555556
1780,mc040,0.9259259259259258
1781,mc040,0.9259259259259258
1782,mc039,0.0
1782,mc040,0.0
1783,mc039,0.0
1783,mc040,0.0
1784,mc039,0.0
1784,mc040,5.660377358490567
1785,mc039,2.803738317757009
1785,mc040,2.7777777777777777
1786,mc039,0.0
1786,mc040,0.0
1787,mc039,0.0
1787,mc040,0.0
1788,mc039,0.0
1788,mc040,1.8518518518518516
1789,mc039,0.0
1789,mc040,0.0
1790,mc039,0.0
1790,mc040,0.0
1791,mc040,0.0
1792,mc039,64.81481481481481
1792,mc040,43.39622641509434
1793,mc040,42.05607476635514
1794,mc040,0.0
18,mc026,0.0
18,mc027,0.0
18,mc028,0.9345794392523363
18,mc030,0.0
18,mc031,0.0
18,mc032,0.0
18,mc033,0.0
18,mc034,0.0
18,mc035,0.0
18,mc036,0.0
18,mc037,0.0
18,mc038,0.0
18,mc039,0.0
18,mc040,0.0
19,mc026,1.0101010101010102
19,mc027,0.0
19,mc028,0.9433962264150944
19,mc030,0.0
19,mc031,0.0
19,mc032,0.0
19,mc033,0.0
19,mc034,0.0
19,mc035,0.0
19,mc036,0.0
19,mc037,0.0
19,mc038,0.0
19,mc039,0.0
19,mc040,0.0
2,mc026,0.9708737864077669
2,mc027,0.0
2,mc028,8.571428571428571
2,mc030,0.9345794392523363
2,mc031,0.0
2,mc032,0.0
2,mc033,0.0
2,mc034,0.0
2,mc035,0.9523809523809524
2,mc036,0.0
2,mc037,0.0
2,mc038,0.0
2,mc039,0.0
2,mc040,0.0
20_text,mc026,0.0
20_text,mc027,2.803738317757009
20_text,mc028,10.679611650485436
20_text,mc030,43.39622641509434
20_text,mc031,0.9433962264150944
20_text,mc032,0.0
20_text,mc033,0.9433962264150944
20_text,mc034,35.36585365853659
20_text,mc035,61.904761904761905
20_text,mc036,0.0
20_text,mc037,0.0
20_text,mc038,32.29166666666667
20_text,mc039,2.7777777777777777
21,mc026,0.0
21,mc027,0.0
21,mc028,0.0
21,mc030,0.0
21,mc031,0.0
21,mc032,0.0
21,mc033,0.0
21,mc034,0.0
21,mc035,0.0
21,mc036,0.0
21,mc037,0.0
21,mc038,0.0
21,mc039,0.0
21,mc040,0.0
22,mc026,1.0638297872340425
22,mc027,0.0
22,mc028,0.9523809523809524
22,mc030,0.0
22,mc031,0.0
22,mc032,0.0
22,mc033,0.0
22,mc034,0.0
22,mc035,0.9523809523809524
22,mc036,0.0
22,mc037,0.0
22,mc038,0.0
22,mc039,0.0
22,mc040,0.0
23,mc026,4.301075268817205
23,mc027,0.0
23,mc028,0.9708737864077669
23,mc030,0.0
23,mc031,0.0
23,mc032,0.0
23,mc033,0.0
23,mc034,1.8518518518518516
23,mc035,0.0
23,mc036,0.0
23,mc037,0.0
23,mc038,0.9433962264150944
23,mc039,0.0
23,mc040,0.0
24,mc026,8.823529411764707
24,mc027,16.822429906542055
24,mc028,14.018691588785046
24,mc030,54.285714285714285
24,mc031,21.35922330097087
24,mc032,14.814814814814813
24,mc033,25.233644859813083
24,mc034,1.8518518518518516
24,mc035,11.76470588235294
24,mc036,5.660377358490567
24,mc037,61.6822429906542
24,mc038,0.9345794392523363
24,mc039,68.51851851851852
24,mc040,54.629629629629626
25,mc026,3.9603960396039604
25,mc027,0.0
25,mc028,1.9047619047619049
25,mc030,30.76923076923077
25,mc031,0.0
25,mc032,0.0
25,mc033,0.0
25,mc034,0.9803921568627451
25,mc035,0.0
25,mc036,0.0
25,mc037,0.0
25,mc038,0.0
25,mc039,0.0
25,mc040,0.0
26,mc026,4.081632653061225
26,mc027,0.0
26,mc028,2.8846153846153846
26,mc030,11.76470588235294
26,mc031,0.0
26,mc032,0.0
26,mc033,0.0
26,mc034,5.607476635514018
26,mc035,0.0
26,mc036,0.0
26,mc037,0.0
26,mc038,0.0
26,mc039,0.0
26,mc040,0.0
27,mc026,0.0
27,mc027,0.0
27,mc028,0.0
27,mc030,0.0
27,mc031,0.0
27,mc032,0.0
27,mc033,0.0
27,mc034,0.0
27,mc035,0.0
27,mc036,0.0
27,mc037,0.0
27,mc038,0.0
27,mc039,0.0
27,mc040,0.0
28,mc026,0.0
28,mc027,0.0
28,mc028,0.0
28,mc030,0.0
28,mc031,0.0
28,mc032,0.0
28,mc033,0.0
28,mc034,0.0
28,mc035,0.0
28,mc036,0.0
28,mc037,0.0
28,mc038,0.0
28,mc039,0.0
28,mc040,0.0
29,mc026,62.5
29,mc027,14.953271028037381
29,mc028,86.86868686868688
29,mc030,61.458333333333336
29,mc031,46.3768115942029
29,mc032,2.7777777777777777
29,mc033,0.9803921568627451
29,mc034,90.29126213592234
29,mc035,1.3333333333333335
29,mc036,1.8867924528301887
29,mc037,0.0
29,mc038,11.458333333333332
29,mc039,0.0
29,mc040,17.59259259259259
3,mc026,2.8846153846153846
3,mc027,0.0
3,mc028,5.714285714285714
3,mc030,1.9047619047619049
3,mc031,0.0
3,mc032,0.0
3,mc033,0.0
3,mc034,0.0
3,mc035,0.0
3,mc036,0.0
3,mc037,0.0
3,mc038,0.0
3,mc039,0.0
3,mc040,0.0
30,mc026,0.0
30,mc027,0.0
30,mc028,0.0
30,mc030,0.0
30,mc031,0.0
30,mc032,0.0
30,mc033,0.0
30,mc034,0.0
30,mc035,0.0
30,mc036,0.0
30,mc037,0.9345794392523363
30,mc038,0.0
30,mc039,0.0
30,mc040,0.0
31,mc026,28.71287128712871
31,mc027,0.0
31,mc028,19.81132075471698
31,mc030,71.96261682242991
31,mc031,68.22429906542055
31,mc032,0.0
31,mc033,2.857142857142857
31,mc034,2.7777777777777777
31,mc035,54.20560747663551
31,mc036,0.0
31,mc037,0.0
31,mc038,7.4074074074074066
31,mc039,0.0
31,mc040,0.9259259259259258
32,mc036,0.0
32,mc037,0.0
32,mc038,0.0
32,mc039,0.0
32,mc040,5.555555555555555
32,mc041,3.8834951456310676
33,mc026,0.0
33,mc027,0.0
33,mc028,1.8867924528301887
33,mc030,0.9345794392523363
33,mc031,0.0
33,mc032,0.0
33,mc033,0.0
33,mc034,0.0
33,mc035,0.0
33,mc036,0.0
33,mc037,0.0
33,mc038,0.0
33,mc039,0.0
33,mc040,0.0
34,mc026,0.0
34,mc027,0.0
34,mc028,16.037735849056602
34,mc030,4.62962962962963
34,mc031,0.0
34,mc032,0.0
34,mc033,0.0
34,mc034,0.0
34,mc035,0.9259259259259258
34,mc036,0.0
34,mc037,0.0
34,mc038,0.0
34,mc039,0.0
34,mc040,0.9259259259259258
35,mc026,1.0101010101010102
35,mc027,0.0
35,mc028,27.102803738317753
35,mc030,0.0
35,mc031,0.0
35,mc032,0.0
35,mc033,0.0
35,mc034,0.9345794392523363
35,mc035,0.0
35,mc036,0.0
35,mc037,0.0
35,mc038,0.0
35,mc039,0.0
35,mc040,0.9259259259259258
36,mc026,18.681318681318682
36,mc027,1.8691588785046727
36,mc028,69.23076923076923
36,mc030,54.45544554455446
36,mc031,31.645569620253166
36,mc032,8.333333333333332
36,mc033,19.047619047619047
36,mc034,50.0
36,mc035,84.88372093023256
36,mc036,5.660377358490567
36,mc037,9.345794392523365
36,mc038,64.81481481481481
36,mc039,0.9259259259259258
36,mc040,83.33333333333334
37,mc026,3.8461538461538463
37,mc027,0.0
37,mc028,2.8301886792452833
37,mc030,0.0
37,mc031,0.0
37,mc032,0.0
37,mc033,0.0
37,mc034,0.0
37,mc035,0.0
37,mc036,0.0
37,mc037,0.0
37,mc038,0.0
37,mc039,0.0
37,mc040,0.0
38,mc026,0.0
38,mc027,0.0
38,mc028,4.716981132075472
38,mc030,0.0
38,mc031,0.9523809523809524
38,mc032,0.0
38,mc033,0.0
38,mc034,0.0
38,mc035,0.9708737864077669
38,mc036,0.0
38,mc037,0.0
38,mc038,0.0
38,mc039,0.0
38,mc040,2.7777777777777777
39,mc026,7.216494845360824
39,mc027,3.7735849056603774
39,mc028,21.69811320754717
39,mc030,43.56435643564357
39,mc031,5.617977528089887
39,mc032,8.411214953271028
39,mc033,77.14285714285715
39,mc034,36.89320388349515
39,mc035,11.363636363636363
39,mc036,1.8691588785046727
39,mc037,0.0
39,mc038,17.307692307692307
39,mc039,13.88888888888889
39,mc040,90.56603773584906
4,mc026,0.0
4,mc027,0.0
4,mc028,0.0
4,mc030,0.0
4,mc031,0.0
4,mc032,0.0
4,mc033,0.0
4,mc034,0.9259259259259258
4,mc035,0.0
4,mc036,0.0
4,mc037,0.0
4,mc038,0.0
4,mc039,0.0
4,mc040,0.0
40,mc026,0.0
40,mc027,0.0
40,mc028,0.0
40,mc030,0.0
40,mc031,0.0
40,mc032,0.0
40,mc033,0.0
40,mc034,0.0
40,mc035,0.0
40,mc036,0.0
40,mc037,0.0
40,mc038,0.0
40,mc039,0.0
40,mc040,0.0
41,mc026,0.0
41,mc027,0.0
41,mc028,12.149532710280374
41,mc030,4.62962962962963
41,mc031,0.0
41,mc032,0.0
41,mc033,0.0
41,mc034,0.0
41,mc035,0.0
41,mc036,0.0
41,mc037,0.0
41,mc038,0.0
41,mc039,0.0
41,mc040,0.0
42,mc026,16.049382716049383
42,mc027,0.0
42,mc028,3.8461538461538463
42,mc030,0.9900990099009901
42,mc031,36.36363636363637
42,mc032,0.0
42,mc033,0.9433962264150944
42,mc034,1.9047619047619049
42,mc035,30.136986301369863
42,mc036,0.0
42,mc037,0.0
42,mc038,0.9259259259259258
42,mc039,12.037037037037036
42,mc040,0.0
43,mc026,5.154639175257731
43,mc027,0.0
43,mc028,23.809523809523807
43,mc030,0.0
43,mc031,17.82178217821782
43,mc032,0.0
43,mc033,0.0
43,mc034,0.0
43,mc035,0.0
43,mc036,0.0
43,mc037,0.0
43,mc038,0.0
43,mc039,0.0
43,mc040,0.0
44,mc026,0.0
44,mc027,0.0
44,mc028,0.0
44,mc030,0.0
44,mc031,0.0
44,mc032,0.0
44,mc033,0.0
44,mc034,0.0
44,mc035,0.0
44,mc036,0.9615384615384616
44,mc037,0.0
44,mc038,0.0
44,mc039,0.0
44,mc040,0.0
45,mc026,18.367346938775512
45,mc027,0.9259259259259258
45,mc028,69.81132075471697
45,mc030,94.39252336448598
45,mc031,60.952380952380956
45,mc032,28.703703703703702
45,mc033,2.7777777777777777
45,mc034,5.607476635514018
45,mc035,9.615384615384617
45,mc036,8.333333333333332
45,mc037,0.0
45,mc038,85.98130841121495
45,mc039,67.5925925925926
45,mc040,54.629629629629626
46,mc026,6.0606060606060606
46,mc027,0.0
46,mc028,7.6923076923076925
46,mc030,10.2803738317757
46,mc031,6.481481481481481
46,mc032,0.0
46,mc033,0.0
46,mc034,0.9345794392523363
46,mc035,0.9523809523809524
46,mc036,0.0
46,mc037,0.0
46,mc038,0.9345794392523363
46,mc039,0.0
46,mc040,10.185185185185185
47,mc026,0.0
47,mc027,0.0
47,mc028,1.8691588785046727
47,mc030,0.0
47,mc031,0.0
47,mc032,0.0
47,mc033,0.0
47,mc034,0.0
47,mc035,0.0
47,mc036,0.0
47,mc037,0.0
47,mc038,0.0
47,mc039,0.0
47,mc040,0.0
48,mc026,2.9702970297029703
48,mc027,0.0
48,mc028,5.660377358490567
48,mc030,0.0
48,mc031,21.904761904761905
48,mc032,12.962962962962962
48,mc033,0.0
48,mc034,0.0
48,mc035,19.0
48,mc036,20.37037037037037
48,mc037,0.0
48,mc038,0.0
48,mc039,0.0
48,mc040,3.7037037037037033
49,mc026,1.4084507042253522
49,mc027,2.8301886792452833
49,mc028,3.8461538461538463
49,mc030,4.9504950495049505
49,mc031,4.819277108433735
49,mc032,2.7777777777777777
49,mc033,34.065934065934066
49,mc034,0.0
49,mc035,8.536585365853659
49,mc036,0.9523809523809524
49,mc037,0.9433962264150944
49,mc038,0.0
49,mc039,0.0
49,mc040,6.481481481481481
5,mc026,0.0
5,mc027,0.0
5,mc028,0.0
5,mc030,0.0
5,mc031,0.0
5,mc032,0.0
5,mc033,0.0
5,mc034,0.0
5,mc035,0.0
5,mc036,0.0
5,mc037,0.0
5,mc038,0.0
5,mc039,0.0
5,mc040,0.0
50,mc026,0.0
50,mc027,0.0
50,mc028,0.0
50,mc030,0.0
50,mc031,0.0
50,mc032,0.0
50,mc033,0.0
50,mc034,0.0
50,mc035,0.0
50,mc036,0.0
50,mc037,0.0
50,mc038,0.0
50,mc039,0.0
50,mc040,0.0
51,mc026,0.9803921568627451
51,mc027,0.0
51,mc028,0.0
51,mc030,0.0
51,mc031,0.0
51,mc032,0.0
51,mc033,0.0
51,mc034,0.0
51,mc035,0.0
51,mc036,0.0
51,mc037,0.0
51,mc038,0.0
51,mc039,0.0
51,mc040,0.0
52,mc026,0.0
52,mc027,0.0
52,mc028,3.8095238095238098
52,mc030,3.8461538461538463
52,mc031,0.0
52,mc032,0.0
52,mc033,0.0
52,mc034,0.0
52,mc035,0.0
52,mc036,0.9259259259259258
52,mc037,0.9433962264150944
52,mc038,0.0
52,mc039,0.0
52,mc040,0.0
53,mc026,0.0
53,mc027,0.0
53,mc028,0.9615384615384616
53,mc030,0.0
53,mc031,0.0
53,mc032,0.0
53,mc033,0.0
53,mc034,0.0
53,mc035,0.0
53,mc036,0.0
53,mc037,0.0
53,mc038,0.0
53,mc039,0.0
53,mc040,0.0
54,mc026,1.9230769230769231
54,mc027,0.0
54,mc028,4.672897196261682
54,mc030,9.345794392523365
54,mc031,2.7777777777777777
54,mc032,0.0
54,mc033,0.0
54,mc034,1.8518518518518516
54,mc035,0.0
54,mc036,0.9259259259259258
54,mc037,0.0
54,mc038,0.0
54,mc039,11.11111111111111
54,mc040,0.0
55,mc026,12.380952380952381
55,mc027,0.0
55,mc028,1.8691588785046727
55,mc030,0.0
55,mc031,1.8867924528301887
55,mc032,0.0
55,mc033,0.0
55,mc034,1.9047619047619049
55,mc035,3.7037037037037033
55,mc036,0.0
55,mc037,0.0
55,mc038,0.0
55,mc039,0.0
55,mc040,0.0
56,mc026,6.122448979591836
56,mc027,0.0
56,mc028,21.568627450980394
56,mc030,2.803738317757009
56,mc031,0.0
56,mc032,0.0
56,mc033,0.0
56,mc034,1.8691588785046727
56,mc035,0.0
56,mc036,0.0
56,mc037,0.0
56,mc038,1.8518518518518516
56,mc039,0.0
56,mc040,0.0
57,mc026,13.186813186813188
57,mc027,0.0
57,mc028,73.58490566037736
57,mc030,54.71698113207547
57,mc031,20.212765957446805
57,mc032,0.0
57,mc033,42.857142857142854
57,mc034,21.49532710280374
57,mc035,30.476190476190478
57,mc036,0.0
57,mc037,3.7383177570093453
57,mc038,0.9259259259259258
57,mc039,0.0
57,mc040,68.51851851851852
58,mc027,0.0
58,mc028,0.9345794392523363
58,mc030,0.0
58,mc039,0.0
58,mc040,0.0
59,mc027,0.0
59,mc030,1.0
59,mc031,8.16326530612245
59,mc032,3.7037037037037033
59,mc033,4.716981132075472
59,mc034,0.0
59,mc035,0.0
59,mc036,0.0
59,mc037,0.0
59,mc038,0.0
59,mc039,0.0
59,mc040,0.0
59,mc041,0.0
6,mc026,1.9801980198019802
6,mc027,0.0
6,mc028,14.150943396226415
6,mc030,12.962962962962962
6,mc031,0.0
6,mc032,1.8518518518518516
6,mc033,0.9345794392523363
6,mc034,0.0
6,mc035,0.0
6,mc036,0.0
6,mc037,0.0
6,mc038,0.0
6,mc039,0.0
6,mc040,0.0
60,mc026,63.0
60,mc027,69.1588785046729
60,mc028,2.912621359223301
60,mc030,22.429906542056074
60,mc031,76.92307692307693
60,mc032,79.62962962962963
60,mc033,46.728971962616825
60,mc034,93.51851851851852
60,mc035,68.86792452830188
60,mc036,88.88888888888889
60,mc037,73.83177570093457
60,mc038,55.140186915887845
60,mc039,56.481481481481474
60,mc040,68.51851851851852
61,mc026,53.2608695652174
61,mc027,0.0
61,mc028,57.28155339805825
61,mc030,4.62962962962963
61,mc031,81.13207547169812
61,mc032,0.9259259259259258
61,mc033,7.6923076923076925
61,mc034,79.62962962962963
61,mc035,4.761904761904762
61,mc036,0.0
61,mc037,0.0
61,mc038,43.51851851851852
61,mc039,3.7037037037037033
61,mc040,0.9259259259259258
62,mc026,1.0
62,mc027,0.0
62,mc028,0.9433962264150944
62,mc030,0.0
62,mc031,0.0
62,mc032,0.0
62,mc033,0.0
62,mc034,0.0
62,mc035,0.0
62,mc036,0.0
62,mc037,0.0
62,mc038,0.0
62,mc039,0.0
62,mc040,0.0
63,mc039,0.0
63,mc040,0.0
64,mc026,0.9708737864077669
64,mc027,0.0
64,mc028,1.9230769230769231
64,mc030,0.0
64,mc031,0.0
64,mc032,0.0
64,mc033,0.0
64,mc034,0.9259259259259258
64,mc035,0.0
64,mc036,0.9259259259259258
64,mc037,0.0
64,mc038,0.0
64,mc039,0.0
64,mc040,0.0
65,mc026,0.0
65,mc027,0.0
65,mc028,0.0
65,mc030,0.0
65,mc031,0.0
65,mc032,0.0
65,mc033,0.0
65,mc034,0.0
65,mc035,0.0
65,mc036,0.0
65,mc037,0.0
65,mc038,0.0
65,mc039,0.0
65,mc040,0.0
66,mc026,12.631578947368421
66,mc027,0.0
66,mc028,0.0
66,mc030,4.716981132075472
66,mc031,0.0
66,mc032,0.0
66,mc033,0.0
66,mc034,0.9433962264150944
66,mc035,0.0
66,mc036,0.9345794392523363
66,mc037,0.0
66,mc038,0.0
66,mc039,0.0
66,mc040,0.0
69,mc026,0.0
69,mc027,0.0
69,mc028,0.0
69,mc030,0.0
69,mc031,0.0
69,mc032,0.0
69,mc033,0.0
69,mc034,0.9259259259259258
69,mc035,0.0
69,mc036,0.0
69,mc037,0.0
69,mc038,0.0
69,mc039,0.0
69,mc040,0.0
7,mc026,93.75
7,mc027,0.0
7,mc028,4.672897196261682
7,mc030,6.481481481481481
7,mc031,35.84905660377358
7,mc032,0.0
7,mc033,0.0
7,mc034,3.7037037037037033
7,mc035,7.4074074074074066
7,mc036,0.0
7,mc037,0.0
7,mc038,0.0
7,mc039,0.0
7,mc040,0.9259259259259258
70,mc026,0.0
70,mc027,0.0
70,mc028,0.9345794392523363
70,mc030,0.9259259259259258
70,mc031,0.0
70,mc032,0.0
70,mc033,0.0
70,mc034,0.0
70,mc035,0.0
70,mc036,0.0
70,mc037,0.0
70,mc038,0.0
70,mc039,0.0
70,mc040,0.0
71,mc026,1.8518518518518516
71,mc027,0.9259259259259258
71,mc028,0.0
71,mc030,0.0
71,mc031,0.0
71,mc032,0.0
71,mc033,0.0
71,mc034,0.0
71,mc035,0.0
71,mc036,0.0
71,mc037,0.0
71,mc038,0.0
71,mc039,0.0
71,mc040,0.0
72,mc026,28.999999999999996
72,mc027,0.0
72,mc028,0.9708737864077669
72,mc030,7.547169811320755
72,mc031,6.730769230769231
72,mc032,0.0
72,mc033,0.0
72,mc034,0.9615384615384616
72,mc035,7.142857142857142
72,mc036,0.0
72,mc037,0.0
72,mc038,15.384615384615385
72,mc039,0.0
72,mc040,0.0
73,mc026,0.9345794392523363
73,mc027,0.0
73,mc028,0.9615384615384616
73,mc030,0.0
73,mc031,0.0
73,mc032,0.0
73,mc033,0.0
73,mc034,0.0
73,mc035,0.0
73,mc036,0.0
73,mc037,0.0
73,mc038,0.0
73,mc039,0.0
73,mc040,0.0
74,mc026,0.0
74,mc027,0.0
74,mc028,0.0
74,mc030,0.0
74,mc031,0.0
74,mc032,0.0
74,mc033,0.0
74,mc034,0.0
74,mc035,0.0
74,mc036,0.0
74,mc037,0.0
74,mc038,0.0
74,mc039,0.0
74,mc040,0.0
75,mc026,0.0
75,mc027,0.0
75,mc028,7.6923076923076925
75,mc030,22.0
75,mc031,0.0
75,mc032,0.0
75,mc033,0.0
75,mc034,1.0101010101010102
75,mc035,0.0
75,mc036,0.0
75,mc037,0.0
75,mc038,0.0
75,mc039,0.0
75,mc040,0.0
76,mc026,55.319148936170215
76,mc027,3.7383177570093453
76,mc028,94.1747572815534
76,mc030,91.50943396226415
76,mc031,95.23809523809523
76,mc032,11.11111111111111
76,mc033,7.6923076923076925
76,mc034,92.5925925925926
76,mc035,89.62264150943396
76,mc036,0.9259259259259258
76,mc037,0.0
76,mc038,63.55140186915887
76,mc039,35.18518518518518
76,mc040,10.185185185185185
77,mc026,0.9615384615384616
77,mc027,0.0
77,mc028,0.0
77,mc030,2.7777777777777777
77,mc031,0.0
77,mc032,0.0
77,mc033,0.0
77,mc034,3.7037037037037033
77,mc035,1.8691588785046727
77,mc036,0.0
77,mc037,0.0
77,mc038,0.0
77,mc039,0.0
77,mc040,1.8518518518518516
78,mc026,0.0
78,mc027,0.0
78,mc028,0.0
78,mc030,0.0
78,mc031,0.0
78,mc032,0.0
78,mc033,0.0
78,mc034,0.0
78,mc035,0.0
78,mc036,0.0
78,mc037,0.0
78,mc038,0.0
78,mc039,0.0
78,mc040,0.0
79,mc026,1.0416666666666665
79,mc027,0.0
79,mc028,1.9230769230769231
79,mc030,0.9615384615384616
79,mc031,0.0
79,mc032,0.0
79,mc033,0.0
79,mc034,0.9523809523809524
79,mc035,0.0
79,mc036,0.9433962264150944
79,mc037,0.0
79,mc038,0.0
79,mc039,0.0
79,mc040,0.0
8,mc026,0.0
8,mc031,0.0
8,mc032,0.0
8,mc033,0.0
8,mc034,0.9433962264150944
8,mc035,0.0
8,mc036,0.0
8,mc037,0.0
8,mc038,0.0
8,mc039,0.0
8,mc040,0.9259259259259258
80,mc026,0.0
80,mc027,0.0
80,mc028,0.9433962264150944
80,mc030,0.0
80,mc031,0.0
80,mc032,0.0
80,mc033,0.0
80,mc034,0.0
80,mc035,0.0
80,mc036,0.0
80,mc037,0.0
80,mc038,0.0
80,mc039,0.0
80,mc040,0.0
81,mc026,27.722772277227726
81,mc027,14.814814814814813
81,mc028,3.7735849056603774
81,mc030,2.941176470588235
81,mc031,0.0
81,mc032,0.0
81,mc033,0.0
81,mc034,9.345794392523365
81,mc035,2.7777777777777777
81,mc036,0.0
81,mc037,5.607476635514018
81,mc038,0.0
81,mc039,1.8518518518518516
81,mc040,0.0
814,mc036,0.0
814,mc037,0.0
814,mc038,0.0
814,mc039,0.0
814,mc040,0.0
814,mc041,0.0
82,mc026,5.825242718446602
82,mc027,0.0
82,mc028,0.0
82,mc030,1.8691588785046727
82,mc031,0.0
82,mc032,0.0
82,mc033,0.0
82,mc034,0.0
82,mc035,0.0
82,mc036,0.0
82,mc037,0.0
82,mc038,0.0
82,mc039,0.0
82,mc040,0.0
83,mc026,0.0
83,mc027,0.0
83,mc028,3.8461538461538463
83,mc030,59.43396226415094
83,mc031,0.0
83,mc032,0.0
83,mc033,0.0
83,mc034,37.735849056603776
83,mc035,0.0
83,mc036,0.0
83,mc037,0.0
83,mc038,0.9259259259259258
83,mc039,0.0
83,mc040,0.0
84,mc026,0.9900990099009901
84,mc027,0.0
84,mc028,0.0
84,mc030,0.0
84,mc031,0.0
84,mc032,0.0
84,mc033,0.0
84,mc034,0.9259259259259258
84,mc035,0.0
84,mc036,0.0
84,mc037,0.0
84,mc038,0.0
84,mc039,0.0
84,mc040,0.9345794392523363
85,mc027,0.0
85,mc030,0.0
85,mc031,51.48514851485149
85,mc032,0.0
85,mc033,0.0
85,mc034,1.8867924528301887
85,mc035,11.11111111111111
85,mc036,0.0
85,mc037,0.0
85,mc038,0.0
85,mc039,0.9259259259259258
85,mc040,0.9259259259259258
86,mc026,0.0
86,mc027,0.0
86,mc028,0.9615384615384616
86,mc030,0.0
86,mc031,0.0
86,mc032,0.0
86,mc033,0.0
86,mc034,0.0
86,mc035,0.0
86,mc036,0.0
86,mc037,0.0
86,mc038,0.0
86,mc039,0.0
86,mc040,0.0
89,mc026,1.9417475728155338
89,mc027,0.0
89,mc028,0.9433962264150944
89,mc030,0.0
89,mc031,3.7037037037037033
89,mc032,0.0
89,mc033,0.0
89,mc034,0.0
89,mc035,0.0
89,mc036,0.0
89,mc037,0.0
89,mc038,0.0
89,mc039,0.0
89,mc040,0.0
9,mc026,0.0
9,mc027,0.0
9,mc028,0.0
9,mc030,0.0
9,mc031,0.0
9,mc032,0.0
9,mc033,0.0
9,mc034,0.0
9,mc035,0.0
9,mc036,0.0
9,mc037,0.0
9,mc038,0.0
9,mc039,0.0
9,mc040,0.0
90,mc026,26.595744680851062
90,mc027,46.666666666666664
90,mc028,42.857142857142854
90,mc030,24.271844660194176
90,mc031,54.45544554455446
90,mc032,9.25925925925926
90,mc033,5.4945054945054945
90,mc034,26.851851851851855
90,mc035,35.869565217391305
90,mc036,5.607476635514018
90,mc037,6.666666666666667
90,mc038,35.84905660377358
90,mc039,12.962962962962962
90,mc040,12.264150943396226
91,mc026,29.761904761904763
91,mc027,0.0
91,mc028,73.0
91,mc030,6.315789473684211
91,mc031,60.86956521739131
91,mc032,0.0
91,mc033,13.636363636363635
91,mc034,43.18181818181818
91,mc035,54.45544554455446
91,mc036,0.0
91,mc037,3.0927835051546393
91,mc038,9.803921568627452
91,mc039,5.607476635514018
91,mc040,50.943396226415096
92,mc026,0.0
92,mc027,0.0
92,mc028,2.803738317757009
92,mc030,0.0
92,mc031,0.0
92,mc032,0.0
92,mc033,0.0
92,mc034,0.0
92,mc035,0.0
92,mc036,0.0
92,mc037,0.0
92,mc038,0.0
92,mc039,0.0
92,mc040,0.0
93,mc026,0.0
93,mc027,0.0
93,mc028,0.0
93,mc030,0.0
93,mc031,0.0
93,mc032,0.0
93,mc033,0.0
93,mc034,0.0
93,mc035,0.0
93,mc036,0.0
93,mc037,0.0
93,mc038,0.0
93,mc039,0.0
93,mc040,0.0
94,mc026,0.0
94,mc027,0.0
94,mc028,0.9803921568627451
94,mc030,0.0
94,mc031,0.0
94,mc032,0.0
94,mc033,0.0
94,mc034,0.9259259259259258
94,mc035,0.0
94,mc036,0.0
94,mc037,0.0
94,mc038,0.0
94,mc039,0.0
94,mc040,0.9259259259259258
95,mc026,0.0
95,mc027,0.0
95,mc028,0.0
95,mc030,0.0
95,mc031,0.0
95,mc032,0.0
95,mc033,0.0
95,mc034,0.0
95,mc035,0.0
95,mc036,0.0
95,mc037,0.0
95,mc038,0.0
95,mc039,0.0
95,mc040,0.0
96,mc026,3.0
96,mc027,0.0
96,mc028,0.0
96,mc030,0.0
96,mc031,0.0
96,mc032,0.0
96,mc033,0.0
96,mc034,0.0
96,mc035,0.0
96,mc036,0.0
96,mc037,0.0
96,mc038,0.0
96,mc039,0.9259259259259258
96,mc040,0.0
97,mc026,0.9615384615384616
97,mc027,0.0
97,mc028,0.0
97,mc030,0.0
97,mc031,0.0
97,mc032,0.0
97,mc033,0.0
97,mc034,0.0
97,mc035,0.0
97,mc036,0.0
97,mc037,0.0
97,mc038,0.0
97,mc039,0.0
97,mc040,0.0
98,mc026,5.9405940594059405
98,mc027,0.0
98,mc028,6.5420560747663545
98,mc030,0.0
98,mc031,0.0
98,mc032,0.0
98,mc033,0.0
98,mc034,0.0
98,mc035,0.0
98,mc036,0.0
98,mc037,0.0
98,mc038,0.0
98,mc039,0.0
98,mc040,0.0
99,mc026,6.796116504854369
99,mc027,0.0
99,mc028,1.8867924528301887
99,mc030,0.0
99,mc031,0.0
99,mc032,0.0
99,mc033,0.0
99,mc034,0.9259259259259258
99,mc035,1.8518518518518516
99,mc036,0.0
99,mc037,0.0
99,mc038,0.0
99,mc039,0.0
99,mc040,0.9259259259259258
